adaptation_id,source_chapter,source_unit,source_function,disposition,target_scene_ids,information_transfer,reason,status,notes
ADP0001,1,SRC-C01-01,Elias pain and recovery choice,VISUALISE,SC001,Drawer and unused medication plus bodily effort carry interior recovery history,Internal choice needs observable behavior,provisionally_accepted,SEQ-01; preserve legitimate pain and avoid implying recovery completed
ADP0002,1,SRC-C01-02,Notice and growing doubt about Mac,VISUALISE,SC001,Written notice and repeated hesitation carry prior-job unease,Interior job history cannot be assumed from prop alone; later Mac reckoning may clarify,provisionally_accepted,SEQ-01; notice continuity required
ADP0003,1,SRC-C01-03,Ordinary care for Mrs Doran,KEEP,SC002,Door repair and trolley visibly establish care before violence,,provisionally_accepted,SEQ-01; approved opening DEC-0002
ADP0004,1,SRC-C01-04,Financial pressure and evidence discipline,COMPRESS,SC003,Unopened notice plus clamp photos and precise removal carry pressure and restraint,Condense elapsed procedure without losing deliberate evidence collection,provisionally_accepted,SEQ-01; no confirmation of officer motive
ADP0005,1,SRC-C01-05,Pain finances and strange convoy,COMPRESS,SC004,Traffic wait with clinic and bill notifications retains pressure and convoy observation,Condense driving interval while retaining the approved opening image,provisionally_accepted,SEQ-01; convoy's later payoff remains unverified
ADP0006,1,SRC-C01-06,Mac call diverts Elias to Zoe,KEEP,SC004,Call and pocketed notice establish destination as Mac's claim and Elias's choice,,provisionally_accepted,SEQ-01; do not validate grandmother claim
ADP0007,2,SRC-C02-01,Airport uncertainty and continuing pain,COMPRESS,SC005,Car park ticket late photo and unreachable Mac bridge opening to handover,Condense transit without erasing inadequate brief,provisionally_accepted,SEQ-01 to SEQ-02 bridge
ADP0008,2,SRC-C02-02,Zoe arrives without public handover,KEEP,SC005,Prepared answer backpack unmarked escort and rejected touch show coercion and caution,,provisionally_accepted,SEQ-02; her belief about paperwork remains viewpoint
ADP0009,2,SRC-C02-03,First negotiation of boundaries,KEEP,SC006,Specify distance touch questions calls and Elias's immediate-safety exception,,provisionally_accepted,SEQ-02; trust begins as testable terms
ADP0010,2,SRC-C02-04,Vigilance and brief softness with child,COMPRESS,SC006,Reflection checks and rabbit encounter carry exhaustion and a small relational opening,Condense terminal walk while preserving contrast,provisionally_accepted,SEQ-02; Elias does not demand a disclosure
ADP0011,2,SRC-C02-05,Car audit and escape attempt,KEEP,SC007,Child-lock reversal and ignition attempt carry distrust; Jackie repair memory needs a later or visual cue if used,,provisionally_accepted,SEQ-02; do not explain her exact fear early
ADP0012,3,SRC-C03-01,Elias stops rolling car without grabbing Zoe,KEEP,SC007,Shoulder cost and non-grabbing intervention show capacity and restraint,,provisionally_accepted,SEQ-02; physical continuity
ADP0013,3,SRC-C03-02,Conditional back-seat choice,KEEP,SC007,Unlocked door visible route and stopped-call rule define bounded choice,,provisionally_accepted,SEQ-02; folder number is not proof all authorities compromised
ADP0014,3,SRC-C03-03,Route audit and uncertain follower,COMPRESS,SC008,Mirror and junction repetitions plus unanswered caller carry surveillance uncertainty,Condense motorway mileage while retaining pattern,provisionally_accepted,SEQ-02; no early identification of saloon
ADP0015,3,SRC-C03-04,Nausea sealed water and public stop,KEEP,SC008,Sealed water and Zoe keeping backpack show aid accepted under limits,,provisionally_accepted,SEQ-02; leave cause of nausea unresolved
ADP0016,3,SRC-C03-05,Promise observed and follower persists,COMPRESS,SC008,Stopped call and saloon at service exit deliver paired trust and threat,Combine repeated call pressure with transition into services,provisionally_accepted,SEQ-02; preserve observable kept promise
ADP0017,4,SRC-C04-01,Public-space contingency and seating negotiation,KEEP,SC008,Camera coverage mirrors exits and kitchen access establish later three-minute fallback,,provisionally_accepted,SEQ-02; geography must remain legible
ADP0018,4,SRC-C04-02,Ordinary consent and first humor,KEEP,SC008,Vegetarian food sealed water butter correction and thanks carry relationship turn,,provisionally_accepted,SEQ-02; service staff wording follows locale
ADP0019,4,SRC-C04-03,Decoy account and compromised route,KEEP,SC008,Zoe's account sets up later seven-day testimony and Jackie inference,,provisionally_accepted,SEQ-02; her inference is not external proof
ADP0020,4,SRC-C04-04,Cain named and Elias controlled shift,KEEP,SC009,Posture and Zoe's questions reveal changed threat without premature backstory,,provisionally_accepted,SEQ-02; Sam explanation reserved for SEQ-06
ADP0021,4,SRC-C04-05,Threatened call and visible pursuers,KEEP,SC009,Caller threat and men outside justify timed separation,,provisionally_accepted,SEQ-02; count confirmed versus suspected men
ADP0022,4,SRC-C04-06,Three-minute separation and fallback,KEEP,SC009,Public fallback through waitress and airport police keeps Zoe a choice if Elias fails,,provisionally_accepted,SEQ-02; clock and service-station geography
ADP0023,5,SRC-C05-01,Zoe verifies lock and endures wait,VISUALISE,SC010,Bolt test watch and sensory response carry remembered confinement without explanatory flashback,Interior trauma association needs bounded observable carrier,provisionally_accepted,SEQ-02; do not disclose later house details prematurely
ADP0024,5,SRC-C05-02,Zoe concludes Jackie betrayed her,VISUALISE,SC010,Small route-memory cue and guarded reaction carry inference; later SEQ-10 messages revise it,Interior conclusion must remain Zoe's inference and not narrator-confirmed guilt,provisionally_accepted,SEQ-02; early Jackie cutaway follows SEQ-04 DEC-0005
ADP0025,5,SRC-C05-03,Zoe observes watcher repositioning alone,KEEP,SC010,Payment concealment mirror and earpieces show active observation during separation,,provisionally_accepted,SEQ-02; Elias absent
ADP0026,5,SRC-C05-04,Elias returns injured and recognises old danger,KEEP,SC010,Dust blood partial count and walk-left instruction carry outcome and withheld history,,provisionally_accepted,SEQ-02; Chapter 6 exit and Chapter 7 account follow
ADP0027,6,SRC-C06-01,Elias and Zoe walk normally past civilians and Cain's watchers. Zoe takes the instructed left position despite panic.,KEEP,SC010,"SEQ-02: Retain this source event: Elias and Zoe walk normally past civilians and Cain's watchers. Zoe takes the instructed left position despite panic. Screen carrier and knowledge limit: Restaurant/shop/car park; controlled pace, mirror loss, football interruption. The public space constrains Cain's men and makes their observation visible.",,provisionally_accepted,SEQ-02; scene-by-scene review required under DEC-0011; source boundary: booth exit → car park
ADP0028,6,SRC-C06-02,Zoe recognises the senior man from Cain's house. He recognises Elias and hesitates; Elias suppresses an intrusive memory of a loading bay and younger voice.,KEEP,SC010,SEQ-02: Retain this source event: Zoe recognises the senior man from Cain's house. He recognises Elias and hesitates; Elias suppresses an intrusive memory of a loading bay and younger voice. Screen carrier and knowledge limit: Lieutenant's authority and Elias's history are shown through others' behaviour. Memory is interior and fragmentary; do not assign its cause yet.,,provisionally_accepted,SEQ-02; scene-by-scene review required under DEC-0011; source boundary: lieutenant appears → Elias reaches car
ADP0029,6,SRC-C06-03,"A man approaches the car; Elias keeps Zoe's interior door handle usable, waits for the lane to clear, and drives with control. The watchers move toward two pursuit vehicles.",KEEP,SC010,"SEQ-02: Retain this source event: A man approaches the car; Elias keeps Zoe's interior door handle usable, waits for the lane to clear, and drives with control. The watchers move toward two pursuit vehicles. Screen carrier and knowledge limit: Hatchback's unreliable starter and child-lock promise recur. Civilian attention limits overt attack.",,provisionally_accepted,SEQ-02; scene-by-scene review required under DEC-0011; source boundary: engine catches → escape
ADP0030,6,SRC-C06-04,Saloon and four-by-four are immobilised by tyre damage from Elias's off-page three-minute action. Lieutenant phones as they leave.,KEEP,SC010,"SEQ-02: Retain this source event: Saloon and four-by-four are immobilised by tyre damage from Elias's off-page three-minute action. Lieutenant phones as they leave. Screen carrier and knowledge limit: Mechanism is withheld here and bounded in Chapter 7. The final description that a supposedly dead figure has returned is figurative interpretation, not a verified death record.",,provisionally_accepted,SEQ-02; scene-by-scene review required under DEC-0011; source boundary: pursuit vehicles fail → slip road
ADP0031,7,SRC-C07-01,"Elias deliberately drives away from Mac's westbound destination, tests for pursuit, then reverses direction via another junction. Zoe audits every turn.",COMPRESS,SC011,SEQ-02: retain the detour and Zoe auditing junctions; exact mileage can contract without making pursuit certain.,"Shorten the screen time for eastbound detour while retaining the stated event, knowledge limits and consequence.",provisionally_accepted,SEQ-02; scene-by-scene review required under DEC-0011; source boundary: eastbound detour → route change
ADP0032,7,SRC-C07-02,Elias gives Zoe a bounded explanation: a man grabbed him; he damaged vehicles with a tool but refuses a how-to lesson. Three private calls follow.,KEEP,SC011,"SEQ-02: Retain this source event: Elias gives Zoe a bounded explanation: a man grabbed him; he damaged vehicles with a tool but refuses a how-to lesson. Three private calls follow. Screen carrier and knowledge limit: Car, phone, injured hand; precise off-page struggle and device remain unspecified.",,provisionally_accepted,SEQ-02; scene-by-scene review required under DEC-0011; source boundary: knuckle/tyres → private calls
ADP0033,7,SRC-C07-03,“THE REAPER SHOULD HAVE STAYED DEAD” triggers memories of his trainee's death and the reputation he once used. He admits danger but says he will not harm Zoe; she tests why he intervened.,KEEP,SC011,"SEQ-02: Retain this source event: “THE REAPER SHOULD HAVE STAYED DEAD” triggers memories of his trainee's death and the reputation he once used. He admits danger but says he will not harm Zoe; she tests why he intervened. Screen carrier and knowledge limit: Screen treatment must distinguish the message, his physical response, and interior backstory. His claimed protective intent does not itself prove future safety.",,provisionally_accepted,SEQ-02; scene-by-scene review required under DEC-0011; source boundary: message names Reaper → Elias reacts
ADP0034,7,SRC-C07-04,Zoe rejects the niece story; Elias recognises a false relationship may have been used. Zoe says she took something from Cain and protects a likely device in the backpack.,KEEP,SC011,"SEQ-02: Retain this source event: Zoe rejects the niece story; Elias recognises a false relationship may have been used. Zoe says she took something from Cain and protects a likely device in the backpack. Screen carrier and knowledge limit: Mac's actual belief/role, object identity and Cain's reason for pursuit remain open; Elias infers “device” from her reaction.",,provisionally_accepted,SEQ-02; scene-by-scene review required under DEC-0011; source boundary: Mac's niece claim → backpack
ADP0035,7,SRC-C07-05,"Elias promises to tell Zoe before calling Mac absent immediate danger. She agrees to recount seven days, starting with Tuesday, without opening the backpack.",KEEP,SC011,"SEQ-02: Retain this source event: Elias promises to tell Zoe before calling Mac absent immediate danger. She agrees to recount seven days, starting with Tuesday, without opening the backpack. Screen carrier and knowledge limit: Trust is conditional and specific. The seven-day frame begins Chapter 8; flashback order needs tracking before film chronology is chosen.",,provisionally_accepted,SEQ-02; scene-by-scene review required under DEC-0011; source boundary: testable call promise → seven days
ADP0036,8,SRC-C08-01,"In the car Zoe frames Tuesday as ordinary. Helen's rushed morning, Brian's departure, and Jackie and Zoe's school friendship precede the abduction.",KEEP,SC012,"SEQ-03: Retain this source event: In the car Zoe frames Tuesday as ordinary. Helen's rushed morning, Brian's departure, and Jackie and Zoe's school friendship precede the abduction. Screen carrier and knowledge limit: Present car dialogue frames remembered home/school action. Helen, Brian and Jackie are introduced before their later roles; the normality is causal emotional context.",,provisionally_accepted,SEQ-03; scene-by-scene review required under DEC-0011; source boundary: Zoe begins → ordinary school day
ADP0037,8,SRC-C08-02,Zoe buys milk and chocolate four streets from home; unmarked white van pulls alongside and two people seize her. Broken milk is her last street image.,KEEP,SC012,SEQ-03: Retain this source event: Zoe buys milk and chocolate four streets from home; unmarked white van pulls alongside and two people seize her. Broken milk is her last street image. Screen carrier and knowledge limit: Corner shop/street/van; the short familiar route and ordinary errand refute any implication she arranged to leave.,,provisionally_accepted,SEQ-03; scene-by-scene review required under DEC-0011; source boundary: milk errand → van
ADP0038,8,SRC-C08-03,"Restrained in the van, Zoe counts turns, stops and sounds; arrives through a garage into a residential-looking house with numbered folders and a study safe.",COMPRESS,SC012,SEQ-03: counted turns and garage arrival establish Zoe observing despite fear; preserve limits of route memory.,"Shorten the screen time for journey while retaining the stated event, knowledge limits and consequence.",provisionally_accepted,SEQ-03; scene-by-scene review required under DEC-0011; source boundary: journey → house
ADP0039,8,SRC-C08-04,"A woman offers unsolicited water and says Zoe will be “processed” tomorrow. The upstairs room has an external lock, high window and empty wardrobe. Zoe worries about Helen and Jackie.",KEEP,SC012,"SEQ-03: Retain this source event: A woman offers unsolicited water and says Zoe will be “processed” tomorrow. The upstairs room has an external lock, high window and empty wardrobe. Zoe worries about Helen and Jackie. Screen carrier and knowledge limit: Control of movement and language is observable; Zoe's private fears and recalled milk image require deliberate carrier if retained.",,provisionally_accepted,SEQ-03; scene-by-scene review required under DEC-0011; source boundary: kitchen → locked room
ADP0040,8,SRC-C08-05,Present-day Elias asks whether she had arranged contact and what she remembers. Zoe rejects that premise and says Cain's name came later.,KEEP,SC012,SEQ-03: Retain this source event: Present-day Elias asks whether she had arranged contact and what she remembers. Zoe rejects that premise and says Cain's name came later. Screen carrier and knowledge limit: Crosscut boundary makes the account testimony rather than an omniscient flashback. His listening becomes part of their relationship.,,provisionally_accepted,SEQ-03; scene-by-scene review required under DEC-0011; source boundary: Elias checks → account continues
ADP0041,9,SRC-C09-01,"Zoe wakes in another room, given plain grey clothes and commands not to speak, ask or look “buyers” in the eye. Her question is unanswered.",KEEP,SC013,"SEQ-03: Retain this source event: Zoe wakes in another room, given plain grey clothes and commands not to speak, ask or look “buyers” in the eye. Her question is unanswered. Screen carrier and knowledge limit: House/bedroom, woman with rules. “Buyer” is an adult's term, not yet explained to Zoe.",,provisionally_accepted,SEQ-03; scene-by-scene review required under DEC-0011; source boundary: next morning → rules
ADP0042,9,SRC-C09-02,"Six children are in a room with too many chairs; one younger girl is quietly intimidated. Zoe hears Cain's name, then sees adults defer to him.",KEEP,SC013,"SEQ-03: Retain this source event: Six children are in a room with too many chairs; one younger girl is quietly intimidated. Zoe hears Cain's name, then sees adults defer to him. Screen carrier and knowledge limit: Group staging shows coercive rules and hierarchy without asserting the exact fate of any child. Elias later names this conduct a demonstration.",,provisionally_accepted,SEQ-03; scene-by-scene review required under DEC-0011; source boundary: children gathered → Cain arrives
ADP0043,9,SRC-C09-03,"Sent to fill a jug, Zoe overhears buyer/documentation and an “older file”; she glimpses a numbered folder with a photograph of herself aged about six or seven.",KEEP,SC013,"SEQ-03: Retain this source event: Sent to fill a jug, Zoe overhears buyer/documentation and an “older file”; she glimpses a numbered folder with a photograph of herself aged about six or seven. Screen carrier and knowledge limit: Jug, study, folder, photograph and number. She infers she was selected and recorded years earlier; source of photo, file meaning and buyer remain unresolved.",,provisionally_accepted,SEQ-03; scene-by-scene review required under DEC-0011; source boundary: study conversation → old photograph
ADP0044,9,SRC-C09-04,"Elias checks what she understood at the time. Zoe clarifies she knew only the photograph and number, then says the adults stopped her sleeping.",KEEP,SC013,"SEQ-03: Retain this source event: Elias checks what she understood at the time. Zoe clarifies she knew only the photograph and number, then says the adults stopped her sleeping. Screen carrier and knowledge limit: Clear boundary between what Zoe then knew and what later knowledge might reveal. Feeds Chapter 10.",,provisionally_accepted,SEQ-03; scene-by-scene review required under DEC-0011; source boundary: car frame → sleepless night lead
ADP0045,10,SRC-C10-01,"First-night fear gives way to deliberate light, door openings, room moves, repeated altered questions and continuous background television.",COMPRESS,SC013,"SEQ-03: repeat light, door moves, altered questions and television across nights to show imposed sleep loss, not one isolated interruption.","Shorten the screen time for first fearful night while retaining the stated event, knowledge limits and consequence.",provisionally_accepted,SEQ-03; scene-by-scene review required under DEC-0011; source boundary: first fearful night → imposed interruptions
ADP0046,10,SRC-C10-02,"Zoe loses reliable time and instead memorises sounds, stairs, floorboard and cigarette smell linked to the lieutenant.",VISUALISE,SC013,"SEQ-03: sound, stair and cigarette-smell anchors show Zoe deliberately keeping facts as time becomes unreliable.",Express the internal or systemic reading through an observable response or bounded record rather than assuming audience access to narration.,provisionally_accepted,SEQ-03; scene-by-scene review required under DEC-0011; source boundary: time loosens → facts retained
ADP0047,10,SRC-C10-03,"Clothes arrive, children are separated/inspected and a list checked. The lieutenant surveys the room; adults adjust to him.",KEEP,SC013,"SEQ-03: Retain this source event: Clothes arrive, children are separated/inspected and a list checked. The lieutenant surveys the room; adults adjust to him. Screen carrier and knowledge limit: Visual preparation and hierarchy; what “showing” entails is not yet confirmed. Connect lieutenant to Chapter 6 recognition.",,provisionally_accepted,SEQ-03; scene-by-scene review required under DEC-0011; source boundary: Thursday preparations → lieutenant
ADP0048,10,SRC-C10-04,Women discuss the next morning and needing Zoe “settled.” An older girl names the showing and warns Zoe not to eat or drink. Zoe decides to refuse while appearing compliant.,KEEP,SC013,SEQ-03: Retain this source event: Women discuss the next morning and needing Zoe “settled.” An older girl names the showing and warns Zoe not to eat or drink. Zoe decides to refuse while appearing compliant. Screen carrier and knowledge limit: Warning is based on older girl's apparent experience but no substance or specific act is verified here. Zoe regains a small decision.,,provisionally_accepted,SEQ-03; scene-by-scene review required under DEC-0011; source boundary: corridor talk → older girl's warning
ADP0049,10,SRC-C10-05,Elias offers to stop the account; Zoe says speaking is less heavy than carrying it alone. He lets her set pace.,KEEP,SC013,SEQ-03: Retain this source event: Elias offers to stop the account; Zoe says speaking is less heavy than carrying it alone. He lets her set pace. Screen carrier and knowledge limit: Present-day relationship/consent; leads into Chapter 11.,,provisionally_accepted,SEQ-03; scene-by-scene review required under DEC-0011; source boundary: present car → consent to continue
ADP0050,11,SRC-C11-01,"An adult offers Zoe a drink before the showing. Remembering the older girl's warning, she holds and spits it out, then acts sedated; some effect remains.",KEEP,SC014,"SEQ-03: Retain this source event: An adult offers Zoe a drink before the showing. Remembering the older girl's warning, she holds and spits it out, then acts sedated; some effect remains. Screen carrier and knowledge limit: Cup/sink, school uniform, comb, keys; the liquid's composition and amount swallowed are unknown. Zoe uses others' expectation as cover.",,provisionally_accepted,SEQ-03; scene-by-scene review required under DEC-0011; source boundary: day-four frame → false sedation
ADP0051,11,SRC-C11-02,"Behind dark glass, unseen buyers ask about documentation, original record, medication and travel. A transfer number conflicts with the original identifier, causing a dispute and an abrupt disruption.",KEEP,SC014,"SEQ-03: Retain this source event: Behind dark glass, unseen buyers ask about documentation, original record, medication and travel. A transfer number conflicts with the original identifier, causing a dispute and an abrupt disruption. Screen carrier and knowledge limit: Taped floor square, speaker, glass, chipped edge. Questions and payment dispute establish commodification, but buyer identities and precise transaction remain to be resolved.",,provisionally_accepted,SEQ-03; scene-by-scene review required under DEC-0011; source boundary: showing room → dispute over identifiers
ADP0052,11,SRC-C11-03,"Zoe waits, then finds the archive open amid the dispute. She recognises her childhood photo/number, takes her folder and belongings, and removes a black drive connected to a laptop.",KEEP,SC014,"SEQ-03: Retain this source event: Zoe waits, then finds the archive open amid the dispute. She recognises her childhood photo/number, takes her folder and belongings, and removes a black drive connected to a laptop. Screen carrier and knowledge limit: Safe, ledger, laptop, numbered file, property bag, backpack, drive. She does not know the drive's contents; her reason for taking it is its apparent importance and hope it explains her identity.",,provisionally_accepted,SEQ-03; scene-by-scene review required under DEC-0011; source boundary: room empties → archive theft
ADP0053,11,SRC-C11-04,"Amid an injured man's removal, Zoe escapes through a held-open door, evades pursuit and uses two public buses to reach home without fare.",COMPRESS,SC014,"SEQ-03: held service door, injured man and public-bus journey preserve her self-directed escape home.","Shorten the screen time for service door while retaining the stated event, knowledge limits and consequence.",provisionally_accepted,SEQ-03; scene-by-scene review required under DEC-0011; source boundary: service door → two buses home
ADP0054,11,SRC-C11-05,"Zoe says she kept folder and drive, opened the folder only before the flight and has never properly inspected the drive. Elias reframes the theft/escape as frightened action that still involved choice.",KEEP,SC014,"SEQ-03: Retain this source event: Zoe says she kept folder and drive, opened the folder only before the flight and has never properly inspected the drive. Elias reframes the theft/escape as frightened action that still involved choice. Screen carrier and knowledge limit: Backpack remains central; information timing matters: she did **not** know the folder's full meaning when she took it.",,provisionally_accepted,SEQ-03; scene-by-scene review required under DEC-0011; source boundary: present-car questions → more to tell
ADP0055,12,SRC-C12-01,"Helen embraces Zoe with genuine relief; Brian first checks whether anyone saw/followed her, locks doors and extinguishes the porch light.",KEEP,SC015,"SEQ-04: Retain this source event: Helen embraces Zoe with genuine relief; Brian first checks whether anyone saw/followed her, locks doors and extinguishes the porch light. Screen carrier and knowledge limit: Home/hallway; affectionate objects and changed adult behaviour coexist. Do not flatten Helen into either pure protector or pure accomplice.",,provisionally_accepted,SEQ-04; scene-by-scene review required under DEC-0011; source boundary: doorstep → first response
ADP0056,12,SRC-C12-02,Helen suggests police/medical care; Brian rejects questions about papers and phones Mac. Zoe refuses to surrender her bag. Mac orders no outside contact pending his visit.,KEEP,SC015,SEQ-04: Retain this source event: Helen suggests police/medical care; Brian rejects questions about papers and phones Mac. Zoe refuses to surrender her bag. Mac orders no outside contact pending his visit. Screen carrier and knowledge limit: Kitchen/backpack/phone; Brian's knowledge and motivation remain under investigation. His instruction has immediate consequences for Zoe's access to help.,,provisionally_accepted,SEQ-04; scene-by-scene review required under DEC-0011; source boundary: kitchen → Mac called
ADP0057,12,SRC-C12-03,"Zoe overhears discussion of money, no proper adoption and Mac's role. Familiar bedroom becomes unsafe; she hides folder and drive without reading them.",KEEP,SC015,"SEQ-04: Retain this source event: Zoe overhears discussion of money, no proper adoption and Mac's role. Familiar bedroom becomes unsafe; she hides folder and drive without reading them. Screen carrier and knowledge limit: Heating vent, photographs, locked bedroom. The adults' private exchange supplies a disclosure Zoe does not yet fully understand.",,provisionally_accepted,SEQ-04; scene-by-scene review required under DEC-0011; source boundary: upstairs/vent → adoption doubt
ADP0058,12,SRC-C12-04,"Mac questions escape/contacts, orders secrecy, no Jackie and relocation to his mother's house. He controls Helen and Brian with minimal gestures; Zoe challenges the sudden grandmother claim.",KEEP,SC015,"SEQ-04: Retain this source event: Mac questions escape/contacts, orders secrecy, no Jackie and relocation to his mother's house. He controls Helen and Brian with minimal gestures; Zoe challenges the sudden grandmother claim. Screen carrier and knowledge limit: Living room; claimed family relationship/destination must remain attributed to Mac until verified. No police/social services/hospital is his direction, not a film-endorsed safety assessment.",,provisionally_accepted,SEQ-04; scene-by-scene review required under DEC-0011; source boundary: Mac visit → grandmother instruction
ADP0059,12,SRC-C12-05,Helen/Brian cannot answer why they did not call police or how they searched. Zoe sees real love alongside management of exposure; Elias acknowledges that love cannot erase the failure.,KEEP,SC015,SEQ-04: Retain this source event: Helen/Brian cannot answer why they did not call police or how they searched. Zoe sees real love alongside management of exposure; Elias acknowledges that love cannot erase the failure. Screen carrier and knowledge limit: Kitchen/present car. Zoe's moral reading belongs to her; later evidence may refine factual roles without erasing this experience.,,provisionally_accepted,SEQ-04; scene-by-scene review required under DEC-0011; source boundary: after Mac → Zoe confronts carers
ADP0060,12,SRC-C12-06,Zoe recalls Jackie's underworld story of a watcher who survived two crews' attack and vanished. She gives its date; Elias reacts subtly and does not answer whether he knows it.,KEEP,SC015,"SEQ-04: Retain this source event: Zoe recalls Jackie's underworld story of a watcher who survived two crews' attack and vanished. She gives its date; Elias reacts subtly and does not answer whether he knows it. Screen carrier and knowledge limit: Present car, date and mirror check; possible Reaper/trainee connection is strongly suggested but must be traced through later chapters before stating exact events.",,provisionally_accepted,SEQ-04; scene-by-scene review required under DEC-0011; source boundary: Jackie story → Elias reaction
ADP0061,13,SRC-C13-01,Jackie forces a hearing at the door after Zoe's disappearance; private challenge/response verifies their bond. She feeds Zoe and stays.,KEEP,SC016,"SEQ-04: Retain this source event: Jackie forces a hearing at the door after Zoe's disappearance; private challenge/response verifies their bond. She feeds Zoe and stays. Screen carrier and knowledge limit: Door chain, two phones, “purple penguin/green giraffe,” food. Jackie's care and agency precede her later disappearance.",,provisionally_accepted,SEQ-04; scene-by-scene review required under DEC-0011; source boundary: Sunday visit → friendship proof
ADP0062,13,SRC-C13-02,"Jackie, eldest of four, had cared for siblings amid abuse and drinking after their mother's death; children were separated into placements. Zoe tells her about captivity and shows, but does not surrender, folder/drive.",VISUALISE,SC016,SEQ-04: Jackie divides food and questions Zoe; bounded dialogue or observable care establishes four siblings and prior separation before Cain uses them.,Express the internal or systemic reading through an observable response or bounded record rather than assuming audience access to narration.,provisionally_accepted,SEQ-04; scene-by-scene review required under DEC-0011; source boundary: Jackie history → disclosure
ADP0063,13,SRC-C13-03,"The girls construct a visible coach/ferry decoy using old accounts, mobile data, route map, timetable and planted paper, hoping observers will believe a careless escape.",KEEP,SC016,"SEQ-04: Retain this source event: The girls construct a visible coach/ferry decoy using old accounts, mobile data, route map, timetable and planted paper, hoping observers will believe a careless escape. Screen carrier and knowledge limit: SEE/FIND/BELIEVE worksheet, account access, phone and partial booking. False route is distinct from the real flight. No evidence yet that any specific watcher saw it.",,provisionally_accepted,SEQ-04; scene-by-scene review required under DEC-0011; source boundary: science worksheet → false route
ADP0064,13,SRC-C13-04,Jackie threatens to create a police record about Zoe's disappearance; carers allow her to remain until after ten to keep matters contained.,KEEP,SC016,SEQ-04: Retain this source event: Jackie threatens to create a police record about Zoe's disappearance; carers allow her to remain until after ten to keep matters contained. Screen carrier and knowledge limit: House/phone on flight mode; her challenge is effective but also makes her visible in the house.,,provisionally_accepted,SEQ-04; scene-by-scene review required under DEC-0011; source boundary: Helen/Brian confrontation → Jackie stays
ADP0065,13,SRC-C13-05,"Brian brings boarding pass, Elias photo, early pickup and Mac's harmless instruction. The girls revise decoy: Jackie wears Zoe's coat/backpack, boards a coach, exits early and calls from a public supermarket. She memorises actual route without writing it.",KEEP,SC016,"SEQ-04: Retain this source event: Brian brings boarding pass, Elias photo, early pickup and Mac's harmless instruction. The girls revise decoy: Jackie wears Zoe's coat/backpack, boards a coach, exits early and calls from a public supermarket. She memorises actual route without writing it. Screen carrier and knowledge limit: Real itinerary held in memory by Zoe/Jackie; the no-call contingency is explicit: Zoe must treat real route as exposed and resist travel.",,provisionally_accepted,SEQ-04; scene-by-scene review required under DEC-0011; source boundary: itinerary arrives → actual plan
ADP0066,13,SRC-C13-06,"They confirm conditions and a personal promise. Jackie leaves at 22:06; the agreed call never comes. In the present, Zoe blames herself, while Elias distinguishes Jackie's choice from the pursuers' actions.",KEEP,SC016,"SEQ-04: Retain this source event: They confirm conditions and a personal promise. Jackie leaves at 22:06; the agreed call never comes. In the present, Zoe blames herself, while Elias distinguishes Jackie's choice from the pursuers' actions. Screen carrier and knowledge limit: Coat, spare bag, phone silence; no-call is evidence of contingency failure, not proof Jackie voluntarily betrayed Zoe.",,provisionally_accepted,SEQ-04; scene-by-scene review required under DEC-0011; source boundary: Jackie leaves → no call
ADP0067,14,SRC-C14-01,"Zoe invokes the failed-route rule; Helen cites Mac's already arranged trip, Brian takes the spare phone and refuses police. Zoe considers disruptive escape but sees unknown risks outside.",KEEP,SC017,"SEQ-04: Retain this source event: Zoe invokes the failed-route rule; Helen cites Mac's already arranged trip, Brian takes the spare phone and refuses police. Zoe considers disruptive escape but sees unknown risks outside. Screen carrier and knowledge limit: Kitchen/front/back doors, phone; adults' fear and commitment to Mac's plan constrain her choice.",,provisionally_accepted,SEQ-04; scene-by-scene review required under DEC-0011; source boundary: midnight → phone confiscated
ADP0068,14,SRC-C14-02,"Before travel Zoe reads original/assigned identity fields, medical notes, payment, Mac's legal name as authorising client, Helen/Brian as receiving placement, and no adoption order in the folder.",KEEP,SC017,"SEQ-04: Retain this source event: Before travel Zoe reads original/assigned identity fields, medical notes, payment, Mac's legal name as authorising client, Helen/Brian as receiving placement, and no adoption order in the folder. Screen carrier and knowledge limit: Folder is a source artifact shown through Zoe's reading; legal status and complete provenance require later corroboration rather than treating absence of an order in her folder as a universal search. Her prior life remains real even as its arrangement is exposed.",,provisionally_accepted,SEQ-04; scene-by-scene review required under DEC-0011; source boundary: folder opened → purchased placement
ADP0069,14,SRC-C14-03,"Helen admits the route may be unsafe yet helps prepare it. Zoe chooses travel as a possible opening, carries only backpack/file/drive, and is handed to an unnamed driver.",KEEP,SC017,"SEQ-04: Retain this source event: Helen admits the route may be unsafe yet helps prepare it. Zoe chooses travel as a possible opening, carries only backpack/file/drive, and is handed to an unnamed driver. Screen carrier and knowledge limit: Her departure is a constrained tactical choice, not consent to Mac's destination. Helen's apology is nonspecific.",,provisionally_accepted,SEQ-04; scene-by-scene review required under DEC-0011; source boundary: Helen admission → pre-dawn departure
ADP0070,14,SRC-C14-04,"A navy-coated escort processes her through consent, passport, check-in and security with prefilled answers, then leaves before gate. Zoe keeps the drive close and decides to run at first opportunity after arrival.",COMPRESS,SC017,SEQ-04: prefilled consent and repeated prepared answer through escort/check-in retain institutional processing without imputing staff complicity.,"Shorten the screen time for escort/check-in while retaining the stated event, knowledge limits and consequence.",provisionally_accepted,SEQ-04; scene-by-scene review required under DEC-0011; source boundary: escort/check-in → flight
ADP0071,14,SRC-C14-05,"Zoe relates the folder's buyer/placement fields to Elias and rejects the grandmother claim. Elias passes the exit, choosing against Mac's destination.",KEEP,SC018,"SEQ-04: Retain this source event: Zoe relates the folder's buyer/placement fields to Elias and rejects the grandmother claim. Elias passes the exit, choosing against Mac's destination. Screen carrier and knowledge limit: Significant turn connects Chapters 1–7 to the seven-day account. Zoe's inference about why Mac chose Elias is plausible but not fully established.",,provisionally_accepted,SEQ-04; scene-by-scene review required under DEC-0011; source boundary: present car → Mac's role revealed
ADP0072,15,SRC-C15-01,Elias cancels navigation and chooses a public stop to assess options rather than simply substitute his own plan for Mac's.,KEEP,SC018,SEQ-04: Retain this source event: Elias cancels navigation and chooses a public stop to assess options rather than simply substitute his own plan for Mac's. Screen carrier and knowledge limit: Rest area with two routes out; Zoe's freedom to leave is bounded by road safety.,,provisionally_accepted,SEQ-04; scene-by-scene review required under DEC-0011; source boundary: exit missed → rest area
ADP0073,15,SRC-C15-02,"Elias shows a cottage under a former legal name, with uncertain secrecy; together they compare police, hospital, public waiting, transport and possible allies. Zoe chooses a slower route and the cottage provisionally.",KEEP,SC018,"SEQ-04: Retain this source event: Elias shows a cottage under a former legal name, with uncertain secrecy; together they compare police, hospital, public waiting, transport and possible allies. Zoe chooses a slower route and the cottage provisionally. Screen carrier and knowledge limit: Paper map, old alias, cottage; neither Mac nor Cain is confirmed unaware. The agreement includes checking and leaving if compromised.",,provisionally_accepted,SEQ-04; scene-by-scene review required under DEC-0011; source boundary: old atlas → cottage offered
ADP0074,15,SRC-C15-03,"Zoe sets conditions: no opening drive without her, no taking folder, no calling Mac, no moving her in sleep. Elias accepts and acknowledges having treated her as a delivery. She chooses the front seat.",KEEP,SC018,"SEQ-04: Retain this source event: Zoe sets conditions: no opening drive without her, no taking folder, no calling Mac, no moving her in sleep. Elias accepts and acknowledges having treated her as a delivery. She chooses the front seat. Screen carrier and knowledge limit: Consent and seating change are relational turns; identity/ownership of documents remains hers.",,provisionally_accepted,SEQ-04; scene-by-scene review required under DEC-0011; source boundary: terms → front seat
ADP0075,15,SRC-C15-04,"Mac misses check-in and texts that Elias does not understand what he is carrying. Elias refuses contact, destroys SIM and puts handset in a signal-blocking pouch.",KEEP,SC018,"SEQ-04: Retain this source event: Mac misses check-in and texts that Elias does not understand what he is carrying. Elias refuses contact, destroys SIM and puts handset in a signal-blocking pouch. Screen carrier and knowledge limit: Phone/pouch; removes one suspected tracking path, not all vehicle surveillance. Wording reinforces Zoe's dehumanisation.",,provisionally_accepted,SEQ-04; scene-by-scene review required under DEC-0011; source boundary: Mac messages → phone isolated
ADP0076,15,SRC-C15-05,"They navigate with an outdated atlas, obtain fuel/food in public, and exchange guarded humour. Elias asks what name she wants; she chooses Zoe.",COMPRESS,SC018,"SEQ-04: atlas, public fuel/food stop, Zoe choosing her name and guarded humour retain reciprocal choice.","Shorten the screen time for road/fuel stop while retaining the stated event, knowledge limits and consequence.",provisionally_accepted,SEQ-04; scene-by-scene review required under DEC-0011; source boundary: road/fuel stop → chosen route
ADP0077,16,SRC-C16-01,Mac watches a concealed tracker on Elias's car and reviews the deliberately thin employee file. The decision to pass the grandmother exit is legible to him.,KEEP,SC020,SEQ-05: Retain this source event: Mac watches a concealed tracker on Elias's car and reviews the deliberately thin employee file. The decision to pass the grandmother exit is legible to him. Screen carrier and knowledge limit: Tracker was fitted under the rear quarter two days before pickup. Elias has disabled the phone but has not discovered this device.,,provisionally_accepted,SEQ-05; scene-by-scene review required under DEC-0011; source boundary: Mac's office → diverted route
ADP0078,16,SRC-C16-02,Cain reports that his lieutenant recognised Elias and was afraid; neither man says the suspected name over the line. Cain claims a stake in recovering Zoe; Mac disputes it.,KEEP,SC020,"SEQ-05: Retain this source event: Cain reports that his lieutenant recognised Elias and was afraid; neither man says the suspected name over the line. Cain claims a stake in recovering Zoe; Mac disputes it. Screen carrier and knowledge limit: Cain's lieutenant's recognition is testimony, not yet a complete account of Elias's past. Their competing claims to Zoe expose the ownership language.",,provisionally_accepted,SEQ-05; scene-by-scene review required under DEC-0011; source boundary: Cain's call → old identity feared
ADP0079,16,SRC-C16-03,"Mac hires Voss, Reyes and Vale separately, offers live tracking and describes the job as recovery of a protected minor from an employee.",KEEP,SC020,"SEQ-05: Retain this source event: Mac hires Voss, Reyes and Vale separately, offers live tracking and describes the job as recovery of a protected minor from an employee. Screen carrier and knowledge limit: Three distinct temperaments and the concealed risk behind the unusually high fee matter to later pursuit.",,provisionally_accepted,SEQ-05; scene-by-scene review required under DEC-0011; source boundary: three calls → team assembled
ADP0080,16,SRC-C16-04,"Vale probes the chain of delegated authority, the backpack and Cain's involvement; Voss questions the target profile. Mac withholds the lieutenant's reaction and the suspected name.",KEEP,SC020,"SEQ-05: Retain this source event: Vale probes the chain of delegated authority, the backpack and Cain's involvement; Voss questions the target profile. Mac withholds the lieutenant's reaction and the suspected name. Screen carrier and knowledge limit: Company-to-company guardianship papers can survive a casual check but are not established as lawful custody; the contract covers Zoe, Elias and property.",,provisionally_accepted,SEQ-05; scene-by-scene review required under DEC-0011; source boundary: office briefing → signed terms
ADP0081,16,SRC-C16-05,"The team accepts check-ins, operational phones and recovery terms. Mac tracks the car toward the uplands as the signal weakens and stops.",COMPRESS,SC020,"SEQ-05: operational phones and fading tracker signal establish search radius, not a confirmed cottage.","Shorten the screen time for team departs while retaining the stated event, knowledge limits and consequence.",provisionally_accepted,SEQ-05; scene-by-scene review required under DEC-0011; source boundary: team departs → signal fades
ADP0082,17,SRC-C17-01,"Elias and Zoe inspect the old cottage, utilities, rooms, exits and boundaries. Its neglected state and Elias's history there complicate the promise of refuge.",KEEP,SC021,"SEQ-05: Retain this source event: Elias and Zoe inspect the old cottage, utilities, rooms, exits and boundaries. Its neglected state and Elias's history there complicate the promise of refuge. Screen carrier and knowledge limit: Cottage is a former connection, not a verified secret. Zoe retains bag and a secured sleeping space.",,provisionally_accepted,SEQ-05; scene-by-scene review required under DEC-0011; source boundary: cottage arrival → provisional shelter
ADP0083,17,SRC-C17-02,Elias finds and opens the concealed transmitter beneath the car. Its last transmissions may already have narrowed the hunters' search.,KEEP,SC021,"SEQ-05: Retain this source event: Elias finds and opens the concealed transmitter beneath the car. Its last transmissions may already have narrowed the hunters' search. Screen carrier and knowledge limit: Green indicator, underbody mounting and uncertain stored/transmitted positions explain why switching off a phone was insufficient.",,provisionally_accepted,SEQ-05; scene-by-scene review required under DEC-0011; source boundary: vehicle check → tracker discovered
ADP0084,17,SRC-C17-03,"He teaches Zoe practical observation of direction, terrain, normal traffic and changes; she questions his certainty and resists simply obeying him.",KEEP,SC021,"SEQ-05: Retain this source event: He teaches Zoe practical observation of direction, terrain, normal traffic and changes; she questions his certainty and resists simply obeying him. Screen carrier and knowledge limit: Lessons and her own notebook/observations establish skills used in the market and later decisions. Avoid making her a passive student.",,provisionally_accepted,SEQ-05; scene-by-scene review required under DEC-0011; source boundary: orientation → shared observation
ADP0085,17,SRC-C17-04,They remain quiet rather than create a fresh trail while pursuers search the broad area. Zoe watches the road and notices patterns that warrant checking.,COMPRESS,SC021,SEQ-05: Zoe watches the road; a pattern warrants checking but remains unconfirmed surveillance.,"Shorten the screen time for waiting while retaining the stated event, knowledge limits and consequence.",provisionally_accepted,SEQ-05; scene-by-scene review required under DEC-0011; source boundary: waiting → possible surveillance
ADP0086,18,SRC-C18-01,Voss follows the moving signal while Vale investigates the cottage's ownership trail and Reyes reports his passes near it. Their methods and doubts differ.,RELOCATE,SC023,"SC023 in SEQ-05: Voss follows the moving transmitter, Vale checks ownership, Reyes reports cottage passes; each holds different evidence. SC022 shows the pair’s preceding screen action.",Present the contractors’ separate Friday pursuits after the pair’s trailer/farmhouse move so the decoy effect is legible; source chronology remains unchanged.,provisionally_accepted,"SEQ-05; scene-by-scene review required under DEC-0011; source boundary: Friday tracker → pursuit split; screen order change relative to first Chapter 18 unit, provisional"
ADP0087,18,SRC-C18-02,Elias and Zoe carry the recovered transmitter away from the cottage and use it to draw the team toward a chosen location. Zoe presses what choice its discovery gives them.,KEEP,SC022,SEQ-05: Retain this source event: Elias and Zoe carry the recovered transmitter away from the cottage and use it to draw the team toward a chosen location. Zoe presses what choice its discovery gives them. Screen carrier and knowledge limit: Device continues pulsing; keep its decoy path distinct from their actual refuge.,,provisionally_accepted,SEQ-05; scene-by-scene review required under DEC-0011; source boundary: device moved → search redirected
ADP0088,18,SRC-C18-03,"They move to a less secluded farmhouse with water, exits and usable vehicles, and establish survival and escape options.",KEEP,SC022,"SEQ-05: Retain this source event: They move to a less secluded farmhouse with water, exits and usable vehicles, and establish survival and escape options. Screen carrier and knowledge limit: Site's separate ownership trail is vulnerable to Vale's records work. Farm van and other routes become later fallback tools.",,provisionally_accepted,SEQ-05; scene-by-scene review required under DEC-0011; source boundary: farmhouse → fallback examined
ADP0089,18,SRC-C18-04,Reyes watches the cottage without entering and Vale later inspects it; Voss follows the transmitter east and recovers it from the trailer. At their Monday regroup they revise the driver brief and account for Zoe as an active observer.,KEEP,SC023,SEQ-05: Retain this source event: Reyes watches the cottage without entering and Vale later inspects it; Voss follows the transmitter east and recovers it from the trailer. At their Monday regroup they revise the driver brief and account for Zoe as an active observer. Screen carrier and knowledge limit: Cottage traces and the detached tracker are separate investigations. They do not know the pair's current position.,,provisionally_accepted,SEQ-05; scene-by-scene review required under DEC-0011; source boundary: cottage and tracker → false certainty challenged
ADP0090,18,SRC-C18-05,Zoe maps the hunters as separate threats and contributes to the plan for detecting them.,KEEP,SC022,SEQ-05: Retain this source event: Zoe maps the hunters as separate threats and contributes to the plan for detecting them. Screen carrier and knowledge limit: Three markers/beans and a map make her analytical role visible; the search has not ended.,,provisionally_accepted,SEQ-05; scene-by-scene review required under DEC-0011; source boundary: Monday at farmhouse → three-person model
ADP0091,19,SRC-C19-01,"Elias teaches Zoe to read a pursuit through its surrounding changes, then they plan and undertake a careful shopping trip.",COMPRESS,SC024,SEQ-06: preparation and supply trip show Zoe applying Elias’s observation lesson in ordinary public space.,"Shorten the screen time for farmhouse lesson while retaining the stated event, knowledge limits and consequence.",provisionally_accepted,SEQ-06; scene-by-scene review required under DEC-0011; source boundary: farmhouse lesson → supply trip
ADP0092,19,SRC-C19-02,Zoe identifies Reyes by reflections and behaviour near the flower stall; Elias responds to her observation. Voss and Vale coordinate a broader rotation.,KEEP,SC024,"SEQ-06: Retain this source event: Zoe identifies Reyes by reflections and behaviour near the flower stall; Elias responds to her observation. Voss and Vale coordinate a broader rotation. Screen carrier and knowledge limit: Reflected sightlines, lilies and relay positioning carry the threat. Her recognition is a consequential action.",,provisionally_accepted,SEQ-06; scene-by-scene review required under DEC-0011; source boundary: square → flower stall
ADP0093,19,SRC-C19-03,"The pair alter movement through public spaces, using ramps and vehicles to distinguish ordinary traffic from a tail.",COMPRESS,SC024,SEQ-06: ramps and vehicle changes test the tail; preserve uncertainty and the cost of evasive movement.,"Shorten the screen time for shops and parking while retaining the stated event, knowledge limits and consequence.",provisionally_accepted,SEQ-06; scene-by-scene review required under DEC-0011; source boundary: shops and parking → route tested
ADP0094,19,SRC-C19-04,"Zoe spots Vale despite a changed bag and position, using a recurring detail in her appearance. The pair leave without drawing the pursuers to the farmhouse.",KEEP,SC024,"SEQ-06: Retain this source event: Zoe spots Vale despite a changed bag and position, using a recurring detail in her appearance. The pair leave without drawing the pursuers to the farmhouse. Screen carrier and knowledge limit: Shoe scuff confirms her observation in Vale's later conversation; avoid attributing all detection to Elias.",,provisionally_accepted,SEQ-06; scene-by-scene review required under DEC-0011; source boundary: market → Vale identified
ADP0095,19,SRC-C19-05,"Voss and Vale recognise Zoe's role, while Reyes resents her success and treats it as luck.",KEEP,SC024,"SEQ-06: Retain this source event: Voss and Vale recognise Zoe's role, while Reyes resents her success and treats it as luck. Screen carrier and knowledge limit: This difference in judgment feeds the lock-up breach in Chapter 20.",,provisionally_accepted,SEQ-06; scene-by-scene review required under DEC-0011; source boundary: team debrief → assessment changes
ADP0096,20,SRC-C20-01,"Zoe learns to reverse the farm van within the yard and rehearses signals, routes, shelter and a deadline if Elias fails to return.",KEEP,SC025,"SEQ-06: Retain this source event: Zoe learns to reverse the farm van within the yard and rehearses signals, routes, shelter and a deadline if Elias fails to return. Screen carrier and knowledge limit: Backpack, folder, drive, cash, map, alarm, ditch and gate are concrete parts of her plan; driving is confined to the yard.",,provisionally_accepted,SEQ-06; scene-by-scene review required under DEC-0011; source boundary: van practice → fallback rehearsal
ADP0097,20,SRC-C20-02,"Elias identifies a rentable lock-up that the hunters may find, arranges a believable occupied refuge and tells Zoe he intends to trap Reyes.",KEEP,SC025,"SEQ-06: Retain this source event: Elias identifies a rentable lock-up that the hunters may find, arranges a believable occupied refuge and tells Zoe he intends to trap Reyes. Screen carrier and knowledge limit: Old traces from Elias's trainee make the staging credible. He does not plant Zoe's personal items as bait.",,provisionally_accepted,SEQ-06; scene-by-scene review required under DEC-0011; source boundary: exposed identity → lock-up bait
ADP0098,20,SRC-C20-03,Zoe tests the contingency and challenges what the planned violence means for trust. Elias leaves by motorcycle; she maintains their watch and her own deadline.,KEEP,SC025,SEQ-06: Retain this source event: Zoe tests the contingency and challenges what the planned violence means for trust. Elias leaves by motorcycle; she maintains their watch and her own deadline. Screen carrier and knowledge limit: The trap is Elias's choice. Zoe's agreement to stay does not make her responsible for its fatal outcome.,,provisionally_accepted,SEQ-06; scene-by-scene review required under DEC-0011; source boundary: farmhouse departure → separate agency
ADP0099,20,SRC-C20-04,"Vale locates the identity bridge and warns against approach; Voss orders a hold. Reyes verifies signs of occupation but enters before backup, driven partly by the market encounter.",KEEP,SC026,"SEQ-06: Retain this source event: Vale locates the identity bridge and warns against approach; Voss orders a hold. Reyes verifies signs of occupation but enters before backup, driven partly by the market encounter. Screen carrier and knowledge limit: He is competent yet impatient. The staged room and adjoining partition enable Elias's ambush.",,provisionally_accepted,SEQ-06; scene-by-scene review required under DEC-0011; source boundary: Reyes arrives → breach alone
ADP0100,20,SRC-C20-05,"Elias kills Reyes in the fight, then takes the operational phone and learns Voss and Vale's names and positions. His familiar capacity to work around a death frightens him.",KEEP,SC026,"SEQ-06: Retain this source event: Elias kills Reyes in the fight, then takes the operational phone and learns Voss and Vale's names and positions. His familiar capacity to work around a death frightens him. Screen carrier and knowledge limit: Physical cost, shaking and the trainee's remembered presence resist a frictionless victory; Voss and Vale later find the body.",,provisionally_accepted,SEQ-06; scene-by-scene review required under DEC-0011; source boundary: struggle → operational phone taken
ADP0101,20,SRC-C20-06,Elias tells Zoe he killed Reyes and had set the trap. She rejects his claim that Reyes had a meaningful choice and asks about someone he once taught. Elias postpones that history.,KEEP,SC026,SEQ-06: Retain this source event: Elias tells Zoe he killed Reyes and had set the trap. She rejects his claim that Reyes had a meaningful choice and asks about someone he once taught. Elias postpones that history. Screen carrier and knowledge limit: Her judgment remains her own; the truth changes trust without resolving it.,,provisionally_accepted,SEQ-06; scene-by-scene review required under DEC-0011; source boundary: return → Zoe asks directly
ADP0102,21,SRC-C21-01,Zoe asks about the person Elias taught. Elias recalls Sam entering his work as a driver and becoming a trainee and a person he cared for.,KEEP,SC027,SEQ-06: Retain this source event: Zoe asks about the person Elias taught. Elias recalls Sam entering his work as a driver and becoming a trainee and a person he cared for. Screen carrier and knowledge limit: Elias narrates his own history; the surviving evidence of Sam is partly memory and guilt.,,provisionally_accepted,SEQ-06; scene-by-scene review required under DEC-0011; source boundary: morning after Reyes → Sam named
ADP0103,21,SRC-C21-02,A job framed as observing two crews instead involves more armed people and a compromised extraction point. Sam is caught in the resulting attack.,KEEP,SC027,SEQ-06: Retain this source event: A job framed as observing two crews instead involves more armed people and a compromised extraction point. Sam is caught in the resulting attack. Screen carrier and knowledge limit: Keep the brief's omissions distinct from Elias's later choices; the precise mechanics belong to his account.,,provisionally_accepted,SEQ-06; scene-by-scene review required under DEC-0011; source boundary: incomplete brief → ambush
ADP0104,21,SRC-C21-03,Elias remembers Sam dying and his methodical dismantling of those involved. The Reaper story acquires a personal cause and a cost.,KEEP,SC027,SEQ-06: Retain this source event: Elias remembers Sam dying and his methodical dismantling of those involved. The Reaper story acquires a personal cause and a cost. Screen carrier and knowledge limit: Zoe's earlier secondhand legend is reframed; neither legend nor Elias's guilt alone supplies a full independent record.,,provisionally_accepted,SEQ-06; scene-by-scene review required under DEC-0011; source boundary: Sam's death → reprisals
ADP0105,21,SRC-C21-04,Zoe challenges Elias's assumption that caring for him caused Sam's death and his attempt to limit what she learns because she reminds him of Sam. He accepts her boundary and continues teaching.,KEEP,SC027,"SEQ-06: Retain this source event: Zoe challenges Elias's assumption that caring for him caused Sam's death and his attempt to limit what she learns because she reminds him of Sam. He accepts her boundary and continues teaching. Screen carrier and knowledge limit: Sam's choice, the false brief and the attackers' acts cannot be reduced to one person's fault. Zoe is not Sam's replacement.",,provisionally_accepted,SEQ-06; scene-by-scene review required under DEC-0011; source boundary: responsibility argument → renewed teaching
ADP0106,22,SRC-C22-01,"Voss and Vale observe the police response to Reyes's death, leave the site and contend with Mac's demand for contact.",COMPRESS,SC028,SEQ-07: police response to Reyes’s death reduces Voss/Vale’s operating room before they challenge Mac.,"Shorten the screen time for police at lock-up while retaining the stated event, knowledge limits and consequence.",provisionally_accepted,SEQ-07; scene-by-scene review required under DEC-0011; source boundary: police at lock-up → team regroups
ADP0107,22,SRC-C22-02,They confront Mac over the materially incomplete description of Elias and the cost of Reyes's death. Mac continues to defend the contract and pressure them.,KEEP,SC028,SEQ-07: Retain this source event: They confront Mac over the materially incomplete description of Elias and the cost of Reyes's death. Mac continues to defend the contract and pressure them. Screen carrier and knowledge limit: Mac's account of authority and liability remains self-serving; Voss and Vale now have grounds to distrust him.,,provisionally_accepted,SEQ-07; scene-by-scene review required under DEC-0011; source boundary: Mac contact → false brief exposed
ADP0108,22,SRC-C22-03,Elias considers the captured operational phone as both a trap and a way to contact the remaining hunters. Vale and Voss keep an isolated watch for incoming contact.,COMPRESS,SC028,SEQ-07: captured operational phone and isolated clean handset show why contact is possible and risky.,"Shorten the screen time for dead phone while retaining the stated event, knowledge limits and consequence.",provisionally_accepted,SEQ-07; scene-by-scene review required under DEC-0011; source boundary: dead phone → possible channel
ADP0109,22,SRC-C22-04,"Zoe and Elias weigh running against a meeting. She refuses a plan that again lets adults discuss her without her, while Elias stresses the danger of professionals expecting a trap.",KEEP,SC028,"SEQ-07: Retain this source event: Zoe and Elias weigh running against a meeting. She refuses a plan that again lets adults discuss her without her, while Elias stresses the danger of professionals expecting a trap. Screen carrier and knowledge limit: Her participation is a substantive condition; it does not erase the power and age difference.",,provisionally_accepted,SEQ-07; scene-by-scene review required under DEC-0011; source boundary: farmhouse plan → Zoe insists on presence
ADP0110,22,SRC-C22-05,Elias initiates the contact and leaves for the meeting; Voss and Vale receive the message on a clean handset.,KEEP,SC028,"SEQ-07: Retain this source event: Elias initiates the contact and leaves for the meeting; Voss and Vale receive the message on a clean handset. Screen carrier and knowledge limit: What each party knows at contact differs; keep message, observed arrival and later negotiation separate.",,provisionally_accepted,SEQ-07; scene-by-scene review required under DEC-0011; source boundary: departure → response
ADP0111,23,SRC-C23-01,"Elias and Zoe meet Voss and Vale in a busy café. Sightlines, exits and each person's behavior test whether negotiation is possible.",KEEP,SC029,"SEQ-07: Retain this source event: Elias and Zoe meet Voss and Vale in a busy café. Sightlines, exits and each person's behavior test whether negotiation is possible. Screen carrier and knowledge limit: Ordinary patrons and the market's timing constrain action but do not guarantee safety.",,provisionally_accepted,SEQ-07; scene-by-scene review required under DEC-0011; source boundary: public meeting → terms tested
ADP0112,23,SRC-C23-02,The hunters disclose aspects of Mac's brief and the danger of a replacement team; Elias and Zoe demand information about Zoe's status and the people pursuing her.,KEEP,SC029,"SEQ-07: Retain this source event: The hunters disclose aspects of Mac's brief and the danger of a replacement team; Elias and Zoe demand information about Zoe's status and the people pursuing her. Screen carrier and knowledge limit: The contract's wording is evidence of Mac's instructions, not proof he holds legitimate guardianship.",,provisionally_accepted,SEQ-07; scene-by-scene review required under DEC-0011; source boundary: contract and documents → competing interests
ADP0113,23,SRC-C23-03,"Vale proposes taking Zoe aside, and Voss offers a separation/escape arrangement. Zoe identifies the familiar move of transferring her while others decide.",KEEP,SC029,"SEQ-07: Retain this source event: Vale proposes taking Zoe aside, and Voss offers a separation/escape arrangement. Zoe identifies the familiar move of transferring her while others decide. Screen carrier and knowledge limit: Her consent and presence are central; moving her through the kitchen is not automatically rescue.",,provisionally_accepted,SEQ-07; scene-by-scene review required under DEC-0011; source boundary: proposed split → Zoe refuses
ADP0114,23,SRC-C23-04,"Their arrangement is disrupted by another observer connected to Mac. Voss and Vale make a decision under pressure, and Elias and Zoe use a delivery van and altered route to escape.",KEEP,SC030,"SEQ-07: Retain this source event: Their arrangement is disrupted by another observer connected to Mac. Voss and Vale make a decision under pressure, and Elias and Zoe use a delivery van and altered route to escape. Screen carrier and knowledge limit: Distinguish the hunters' own coverage from Mac's additional watcher and the actual vehicle each pair takes.",,provisionally_accepted,SEQ-07; scene-by-scene review required under DEC-0011; source boundary: café exit → pursuers exposed
ADP0115,23,SRC-C23-05,"Zoe and Elias evaluate what Voss and Vale revealed and what their conduct proved, without treating the encounter as full alliance.",COMPRESS,SC030,SEQ-07: Zoe and Elias assess what the contractors disclosed and did; no instant alliance.,"Shorten the screen time for after escape while retaining the stated event, knowledge limits and consequence.",provisionally_accepted,SEQ-07; scene-by-scene review required under DEC-0011; source boundary: after escape → information gained
ADP0116,24,SRC-C24-01,"They buy blank drives and equipment, take a cash hotel room and prepare a laptop without wireless access to inspect Zoe's drive.",KEEP,SC031,"SEQ-07: Retain this source event: They buy blank drives and equipment, take a cash hotel room and prepare a laptop without wireless access to inspect Zoe's drive. Screen carrier and knowledge limit: Original drive remains with Zoe; offline handling is a risk reduction, not proof the material is safe or authentic.",,provisionally_accepted,SEQ-07; scene-by-scene review required under DEC-0011; source boundary: city arrival → offline setup
ADP0117,24,SRC-C24-02,"They make working copies and encounter structured records that connect Zoe's folder to codes, routes and transactions.",KEEP,SC031,"SEQ-07: Retain this source event: They make working copies and encounter structured records that connect Zoe's folder to codes, routes and transactions. Screen carrier and knowledge limit: Preserve distinctions among original, copy, index and interpretation. Dates and codes are leads until cross-checked.",,provisionally_accepted,SEQ-07; scene-by-scene review required under DEC-0011; source boundary: copy and first inspection → index
ADP0118,24,SRC-C24-03,Zoe links an account/client code to Mac and explicitly writes that it must be proved. Searching the code reveals a broader pattern.,KEEP,SC031,"SEQ-07: Retain this source event: Zoe links an account/client code to Mac and explicitly writes that it must be proved. Searching the code reveals a broader pattern. Screen carrier and knowledge limit: `AC019 - probably Mac. Prove it` is her working inference, not an established identity match.",,provisionally_accepted,SEQ-07; scene-by-scene review required under DEC-0011; source boundary: client code → Mac hypothesis
ADP0119,24,SRC-C24-04,Zoe considers whether records might lead to other children or expose them if disclosed carelessly. She and Elias defer publishing routes pending context.,KEEP,SC031,SEQ-07: Retain this source event: Zoe considers whether records might lead to other children or expose them if disclosed carelessly. She and Elias defer publishing routes pending context. Screen carrier and knowledge limit: A route may identify vulnerable people; evidentiary usefulness and exposure risk coexist.,,provisionally_accepted,SEQ-07; scene-by-scene review required under DEC-0011; source boundary: route and identity questions → restraint
ADP0120,25,SRC-C25-01,Zoe works through the index and its action labels while negotiating Elias's absences and practical needs.,COMPRESS,SC032,SEQ-08: one focused index session plus negotiated ordinary needs shows work continuing without erasing their relationship.,"Shorten the screen time for hotel morning while retaining the stated event, knowledge limits and consequence.",provisionally_accepted,SEQ-08; scene-by-scene review required under DEC-0011; source boundary: hotel morning → analysis continues
ADP0121,25,SRC-C25-02,She tests route codes against real roads and notices that a repeated route need not imply an identical purpose.,KEEP,SC032,SEQ-08: Retain this source event: She tests route codes against real roads and notices that a repeated route need not imply an identical purpose. Screen carrier and knowledge limit: Her crossed-out simplification matters: avoid turning a map coincidence into a definitive trafficking claim.,,provisionally_accepted,SEQ-08; scene-by-scene review required under DEC-0011; source boundary: route comparison → pattern qualified
ADP0122,25,SRC-C25-03,The former hunters investigate paper trails and encounter a case number whose outcome their old job did not document. Vale recalls a person attached to an older route.,KEEP,SC032,"SEQ-08: Retain this source event: The former hunters investigate paper trails and encounter a case number whose outcome their old job did not document. Vale recalls a person attached to an older route. Screen carrier and knowledge limit: Their memory and records may corroborate a lead, but their involvement ended at delivery.",,provisionally_accepted,SEQ-08; scene-by-scene review required under DEC-0011; source boundary: Voss/Vale records → outside cross-check
ADP0123,25,SRC-C25-04,"Zoe asks how to tell whether a case is genuine; possible court, local authority, school and medical records offer checks but may themselves be incomplete or falsified.",KEEP,SC032,"SEQ-08: Retain this source event: Zoe asks how to tell whether a case is genuine; possible court, local authority, school and medical records offer checks but may themselves be incomplete or falsified. Screen carrier and knowledge limit: Accessing records may alert the people under investigation. A document's existence is not the same as a valid process.",,provisionally_accepted,SEQ-08; scene-by-scene review required under DEC-0011; source boundary: legal records question → next lead
ADP0124,25,SRC-C25-05,Zoe proposes that the drive could be an index or fragment of a larger system rather than its entire archive. The older route points forward.,KEEP,SC032,SEQ-08: Retain this source event: Zoe proposes that the drive could be an index or fragment of a larger system rather than its entire archive. The older route points forward. Screen carrier and knowledge limit: Preserve uncertainty over completeness and corroboration before any public claim or recovery attempt.,,provisionally_accepted,SEQ-08; scene-by-scene review required under DEC-0011; source boundary: drive's possible scope → new stakes
ADP0125,26,SRC-C26-01,"Zoe and Elias isolate action transitions in the index, comparing ordinary case paths with cases bearing manual override markers.",COMPRESS,SC032,"SEQ-08: select ordinary and override transition examples; label counts as record transitions, not numbers of harmed children.","Shorten the screen time for workroom while retaining the stated event, knowledge limits and consequence.",provisionally_accepted,SEQ-08; scene-by-scene review required under DEC-0011; source boundary: workroom → transition counts
ADP0126,26,SRC-C26-02,"They trace A17-04221, find no direct BRG in its initial view, then identify a linked predecessor touched by OVR2 and later intervention.",KEEP,SC032,"SEQ-08: Retain this source event: They trace A17-04221, find no direct BRG in its initial view, then identify a linked predecessor touched by OVR2 and later intervention. Screen carrier and knowledge limit: The negative first search matters; a predecessor link revises the finding without making every earlier step fraudulent.",,provisionally_accepted,SEQ-08; scene-by-scene review required under DEC-0011; source boundary: Zoe's root → predecessor
ADP0127,26,SRC-C26-03,Vale finds a child moving through similar routes and contractors while the purported authority changes from a local subcontract to Meridian.,KEEP,SC032,SEQ-08: Retain this source event: Vale finds a child moving through similar routes and contractors while the purported authority changes from a local subcontract to Meridian. Screen carrier and knowledge limit: Same child/route is a lead. Verify what each agency actually authorised.,,provisionally_accepted,SEQ-08; scene-by-scene review required under DEC-0011; source boundary: contractor comparison → authority change
ADP0128,26,SRC-C26-04,Zoe refuses to call the apparently legitimate portions wholly real. A normal infrastructure can carry a selective altered transition.,VISUALISE,SC032,SEQ-08: juxtapose ordinary case path with one altered transition; Zoe rejects a sweeping inference.,Express the internal or systemic reading through an observable response or bounded record rather than assuming audience access to narration.,provisionally_accepted,SEQ-08; scene-by-scene review required under DEC-0011; source boundary: ordinary-looking system → narrow suspicion
ADP0129,26,SRC-C26-05,Evidence of current information raises the possibility of system compromise or an insider. Zoe and Elias leave the conclusion open.,KEEP,SC032,SEQ-08: Retain this source event: Evidence of current information raises the possibility of system compromise or an insider. Zoe and Elias leave the conclusion open. Screen carrier and knowledge limit: Neither theory is yet established. Do not turn access into proof of one individual's identity.,,provisionally_accepted,SEQ-08; scene-by-scene review required under DEC-0011; source boundary: restricted access → insider question
ADP0130,27,SRC-C27-01,Zoe and Elias inspect household suitability and candidate records that precede a child's placement.,COMPRESS,SC033,SEQ-08: recipient-matrix sample shows assessment before placement; a score alone does not prove household knowledge.,"Shorten the screen time for rented office while retaining the stated event, knowledge limits and consequence.",provisionally_accepted,SEQ-08; scene-by-scene review required under DEC-0011; source boundary: rented office → recipient matrix
ADP0131,27,SRC-C27-02,"They trace how children are matched to assessed recipients, with monitoring and preferences embedded in coded records.",COMPRESS,SC033,SEQ-08: selected match fields and missing links distinguish assessed recipients from proven child outcomes.,"Shorten the screen time for placement matches while retaining the stated event, knowledge limits and consequence.",provisionally_accepted,SEQ-08; scene-by-scene review required under DEC-0011; source boundary: placement matches → child and household
ADP0132,27,SRC-C27-03,"Vale reconsiders an earlier crying recipient and the child she delivered, once interpreted as normal foster placement.",KEEP,SC033,"SEQ-08: Retain this source event: Vale reconsiders an earlier crying recipient and the child she delivered, once interpreted as normal foster placement. Screen carrier and knowledge limit: Retrospective doubt is not proof of that woman's knowledge or of every handover.",,provisionally_accepted,SEQ-08; scene-by-scene review required under DEC-0011; source boundary: Vale's remembered handover → changed reading
ADP0133,27,SRC-C27-04,Zoe sees that a child can be loved in a placement while the system benefits from that attachment and can use it as leverage.,VISUALISE,SC033,SEQ-08: Zoe reads attachment fields then withholds judgment on Helen/Brian until their own records emerge in SEQ-09/10.,Express the internal or systemic reading through an observable response or bounded record rather than assuming audience access to narration.,provisionally_accepted,SEQ-08; scene-by-scene review required under DEC-0011; source boundary: care as control → Zoe's moral conflict
ADP0134,27,SRC-C27-05,"Zoe lists houses, jobs, match scores and leverage, then identifies the compartmental design of the operation.",VISUALISE,SC033,"SEQ-08: Zoe groups houses, jobs, matches and leverage in a bounded evidence map; no omnipotent single institution.",Express the internal or systemic reading through an observable response or bounded record rather than assuming audience access to narration.,provisionally_accepted,SEQ-08; scene-by-scene review required under DEC-0011; source boundary: compartments → investigative strategy
ADP0135,28,SRC-C28-01,"Zoe holds the original drive, Elias a working copy and a third copy is separately placed. They choose a limited query against a placement identifier.",KEEP,SC034,"SEQ-08: Retain this source event: Zoe holds the original drive, Elias a working copy and a third copy is separately placed. They choose a limited query against a placement identifier. Screen carrier and knowledge limit: Physical custody and copy provenance matter to later disclosure.",,provisionally_accepted,SEQ-08; scene-by-scene review required under DEC-0011; source boundary: three copies → narrow test
ADP0136,28,SRC-C28-02,"The query concerns Helen and Brian's placement identifier, not Zoe's name or root. It triggers a restricted review with a measurable delay.",KEEP,SC034,"SEQ-08: Retain this source event: The query concerns Helen and Brian's placement identifier, not Zoe's name or root. It triggers a restricted review with a measurable delay. Screen carrier and knowledge limit: Separate what they submitted from what internal monitors infer; the clock sequence reveals response channels.",,provisionally_accepted,SEQ-08; scene-by-scene review required under DEC-0011; source boundary: placement lookup → alarm
ADP0137,28,SRC-C28-03,Ordinary verification reports an archive migration/unavailable record while a restricted path continues to process the query.,KEEP,SC034,SEQ-08: Retain this source event: Ordinary verification reports an archive migration/unavailable record while a restricted path continues to process the query. Screen carrier and knowledge limit: The public answer may be a cover or routine limitation; it is not self-proving without the parallel log.,,provisionally_accepted,SEQ-08; scene-by-scene review required under DEC-0011; source boundary: public and restricted replies → mismatch
ADP0138,28,SRC-C28-04,A legitimate older relocation example helps distinguish normal procedure. The restricted path issues a sponsor advisory naming AC019 after a recover action.,COMPRESS,SC034,SEQ-08: normal precedent contrasted with AC019 advisory; preserve the code as unconfirmed identity.,"Shorten the screen time for outside precedent while retaining the stated event, knowledge limits and consequence.",provisionally_accepted,SEQ-08; scene-by-scene review required under DEC-0011; source boundary: outside precedent → sponsor alert
ADP0139,28,SRC-C28-05,Zoe and Elias stop when exhausted and choose one narrow verifiable question rather than publish thousands of sensitive records.,KEEP,SC034,SEQ-08: Retain this source event: Zoe and Elias stop when exhausted and choose one narrow verifiable question rather than publish thousands of sensitive records. Screen carrier and knowledge limit: Narrow proof protects children and increases the chance of independent verification.,,provisionally_accepted,SEQ-08; scene-by-scene review required under DEC-0011; source boundary: scope decision → external route
ADP0140,29,SRC-C29-01,"Zoe sets limits on an outside check: no names, location, broad archive release or accusation. They plan a route that cannot lead back to their lodging.",COMPRESS,SC035,SEQ-08: Zoe’s narrow no-name verification conditions and safe route show the cost of querying.,"Shorten the screen time for Sunday while retaining the stated event, knowledge limits and consequence.",provisionally_accepted,SEQ-08; scene-by-scene review required under DEC-0011; source boundary: Sunday → verification rules
ADP0141,29,SRC-C29-02,The pairs use a short-lived intermediary route to exchange a limited fragment and time rather than reopen compromised team channels.,COMPRESS,SC035,SEQ-08: one short-lived fragment exchange with Voss/Vale; keep sender and recipient knowledge distinct.,"Shorten the screen time for Voss/Vale contact while retaining the stated event, knowledge limits and consequence.",provisionally_accepted,SEQ-08; scene-by-scene review required under DEC-0011; source boundary: Voss/Vale contact → shared fragment
ADP0142,29,SRC-C29-03,An external clerk cannot confirm the general record and routes verification into controlled channels; Zoe tests whether answers mirror each other.,KEEP,SC035,SEQ-08: Retain this source event: An external clerk cannot confirm the general record and routes verification into controlled channels; Zoe tests whether answers mirror each other. Screen carrier and knowledge limit: Failure to confirm through one line is not proof of falsity; the dependence among the lines is the finding.,,provisionally_accepted,SEQ-08; scene-by-scene review required under DEC-0011; source boundary: Meridian call → circular assurance
ADP0143,29,SRC-C29-04,The query prompts internal attention. Cain recognises that someone is comparing channels and holds back direct pressure while monitoring Mac.,KEEP,SC035,SEQ-08: Retain this source event: The query prompts internal attention. Cain recognises that someone is comparing channels and holds back direct pressure while monitoring Mac. Screen carrier and knowledge limit: Their awareness changes subsequent responses; later silence cannot simply be read as ordinary practice.,,provisionally_accepted,SEQ-08; scene-by-scene review required under DEC-0011; source boundary: Mac and Cain react → altered baseline
ADP0144,29,SRC-C29-05,Zoe concludes that they must find the original document copied into the controlled system.,KEEP,SC035,SEQ-08: Retain this source event: Zoe concludes that they must find the original document copied into the controlled system. Screen carrier and knowledge limit: The source copy is a more discriminating check than many matching answers from the same network.,,provisionally_accepted,SEQ-08; scene-by-scene review required under DEC-0011; source boundary: independent source → next test
ADP0145,30,SRC-C30-01,"A genuine family-court order and a contractor version share case, hearing and judge details but diverge in operative paragraphs.",KEEP,SC036,"SEQ-08: Retain this source event: A genuine family-court order and a contractor version share case, hearing and judge details but diverge in operative paragraphs. Screen carrier and knowledge limit: Real court metadata can lend credibility to an altered text; compare authenticated source and variant precisely.",,provisionally_accepted,SEQ-08; scene-by-scene review required under DEC-0011; source boundary: Monday calls → two document versions
ADP0146,30,SRC-C30-02,"Zoe searches the document family and finds separate source image, text extract and seal map. The base order preserves supervised contact and a review timetable.",COMPRESS,SC036,"SEQ-08: compare source image, text and seal map only as needed to show the base order’s actual terms.","Shorten the screen time for catalogue while retaining the stated event, knowledge limits and consequence.",provisionally_accepted,SEQ-08; scene-by-scene review required under DEC-0011; source boundary: catalogue → source image/text/seal
ADP0147,30,SRC-C30-03,"Supplied contact channels confirm the altered text, while a solicitor's court copy provides a genuinely independent answer.",KEEP,SC036,"SEQ-08: Retain this source event: Supplied contact channels confirm the altered text, while a solicitor's court copy provides a genuinely independent answer. Screen carrier and knowledge limit: The institution need not be wholly compromised for a convincing false document to circulate.",,provisionally_accepted,SEQ-08; scene-by-scene review required under DEC-0011; source boundary: controlled verification → corroborating the wrong order
ADP0148,30,SRC-C30-04,Their side recognises that channel comparisons threaten the operation; Cain chooses observation over immediate violence.,COMPRESS,SC036,SEQ-08: Mac/Cain register comparison risk but do not know Zoe’s entire analysis.,"Shorten the screen time for Mac/Cain response while retaining the stated event, knowledge limits and consequence.",provisionally_accepted,SEQ-08; scene-by-scene review required under DEC-0011; source boundary: Mac/Cain response → channel risk
ADP0149,30,SRC-C30-05,The altered order could turn a real parent into an apparent threat and authorise contractors against her child. Zoe and Elias move to a new room while continuing the inquiry.,KEEP,SC036,"SEQ-08: Retain this source event: The altered order could turn a real parent into an apparent threat and authorise contractors against her child. Zoe and Elias move to a new room while continuing the inquiry. Screen carrier and knowledge limit: Stakes arise from a specific altered decision, not a blanket claim that every court order is false.",,provisionally_accepted,SEQ-08; scene-by-scene review required under DEC-0011; source boundary: consequences → new lodging
ADP0150,31,SRC-C31-01,"Zoe inspects a recipient profile and its earlier viewing/child reference, uncovering how a household can be assessed and primed before a match.",COMPRESS,SC037,SEQ-09: Zoe chooses when to open selected recipient images; fields are evidence and intent remains inference.,"Shorten the screen time for recipient images while retaining the stated event, knowledge limits and consequence.",provisionally_accepted,SEQ-09; scene-by-scene review required under DEC-0011; source boundary: recipient images → selected familiarity
ADP0151,31,SRC-C31-02,"Recognition, preferences and a prior child feed a matching process. An ordinary wish for a family can be used by the hidden system.",COMPRESS,SC037,SEQ-09: match criteria and prior-child detail explain attachment without treating suitability score as proof of purchase.,"Shorten the screen time for match criteria while retaining the stated event, knowledge limits and consequence.",provisionally_accepted,SEQ-09; scene-by-scene review required under DEC-0011; source boundary: match criteria → attachment
ADP0152,31,SRC-C31-03,Vale's experience and Zoe's analysis show how sponsor supplied explanations discourage independent checking while sounding protective.,COMPRESS,SC037,SEQ-09: Vale’s remembered reassurance demonstrates reliance on sponsor-supplied explanations without proving recipient knowledge.,"Shorten the screen time for remembered recipient while retaining the stated event, knowledge limits and consequence.",provisionally_accepted,SEQ-09; scene-by-scene review required under DEC-0011; source boundary: remembered recipient → plausible reassurance
ADP0153,31,SRC-C31-04,Zoe sees that fear of losing a loved child can keep adults from asking questions and make attachment valuable to the operation.,VISUALISE,SC037,SEQ-09: Zoe’s response to attachment scoring and household record carries leverage idea; Helen/Brian’s individual knowledge remains open.,Express the internal or systemic reading through an observable response or bounded record rather than assuming audience access to narration.,provisionally_accepted,SEQ-09; scene-by-scene review required under DEC-0011; source boundary: loving household → leverage
ADP0154,31,SRC-C31-05,Zoe refuses to repeat the archive's habit of reducing people to scores and categories.,KEEP,SC037,SEQ-09: Retain this source event: Zoe refuses to repeat the archive's habit of reducing people to scores and categories. Screen carrier and knowledge limit: Her restraint with private images and identities informs the later evidence plan.,,provisionally_accepted,SEQ-09; scene-by-scene review required under DEC-0011; source boundary: archive ethics → Zoe's choice
ADP0155,32,SRC-C32-01,"Zoe prepares small, distinct verification prompts and records what a normal answer and no visible reaction would look like.",COMPRESS,SC038,SEQ-09: one controlled comparison shows expected normal response and meaningful timing; delay alone is not proof.,"Shorten the screen time for three envelopes while retaining the stated event, knowledge limits and consequence.",provisionally_accepted,SEQ-09; scene-by-scene review required under DEC-0011; source boundary: three envelopes → controlled comparison
ADP0156,32,SRC-C32-02,"Voss/Vale watch contractor and legal verification routes react, while Mac contacts an old connection.",COMPRESS,SC038,SEQ-09: intercut portal response and Mac contact without claiming each participant knows the whole test.,"Shorten the screen time for portal change while retaining the stated event, knowledge limits and consequence.",provisionally_accepted,SEQ-09; scene-by-scene review required under DEC-0011; source boundary: portal change → restricted coordination
ADP0157,32,SRC-C32-03,Vale observes an identifiable Meridian participant moving between sites after the test.,KEEP,SC038,"SEQ-09: Retain this source event: Vale observes an identifiable Meridian participant moving between sites after the test. Screen carrier and knowledge limit: A sighting establishes movement and connection, not the contents of private conversations.",,provisionally_accepted,SEQ-09; scene-by-scene review required under DEC-0011; source boundary: physical watch → Meridian contact
ADP0158,32,SRC-C32-04,A pattern of restricted activity can trigger a household stability confirmation. Zoe connects that mechanism tentatively to Helen's earlier phone call.,KEEP,SC038,SEQ-09: Retain this source event: A pattern of restricted activity can trigger a household stability confirmation. Zoe connects that mechanism tentatively to Helen's earlier phone call. Screen carrier and knowledge limit: Her retrospective hypothesis is plausible but still conditional; follow the actual P06-11803 log.,,provisionally_accepted,SEQ-09; scene-by-scene review required under DEC-0011; source boundary: Voss report → household stability check
ADP0159,32,SRC-C32-05,The long stable household record becomes valuable precisely because it draws no attention; the new checks threaten that quiet.,VISUALISE,SC038,SEQ-09: stable household record becomes a live risk when queried; retain timing distinct from earlier disappearance.,Express the internal or systemic reading through an observable response or bounded record rather than assuming audience access to narration.,provisionally_accepted,SEQ-09; scene-by-scene review required under DEC-0011; source boundary: quiet placement → risk rises
ADP0160,33,SRC-C33-01,"Zoe reconstructs Helen and Brian's application, an interruption, Mac's later contact and the reopened file.",KEEP,SC039,"SEQ-09: Retain this source event: Zoe reconstructs Helen and Brian's application, an interruption, Mac's later contact and the reopened file. Screen carrier and knowledge limit: The chronology matters more than a single “purchase” label; identify which entry proves which action.",,provisionally_accepted,SEQ-09; scene-by-scene review required under DEC-0011; source boundary: P06-11803 → placement history
ADP0161,33,SRC-C33-02,"Multiple coded payments and household reports include Brian and joint-account entries, along with questions about Zoe's attachment, identity questions and external contacts.",KEEP,SC039,"SEQ-09: Retain this source event: Multiple coded payments and household reports include Brian and joint-account entries, along with questions about Zoe's attachment, identity questions and external contacts. Screen carrier and knowledge limit: No ledger explicitly labels a child price. The source of each payment and the person who completed each report require care.",,provisionally_accepted,SEQ-09; scene-by-scene review required under DEC-0011; source boundary: payments and monitoring → differing roles
ADP0162,33,SRC-C33-03,Helen and Brian react differently to incoming contact after Zoe's disappearance; Helen recognises that calling the old channel may help whoever took her.,KEEP,SC039,SEQ-09: Retain this source event: Helen and Brian react differently to incoming contact after Zoe's disappearance; Helen recognises that calling the old channel may help whoever took her. Screen carrier and knowledge limit: Their anxiety and affection coexist with their earlier failures; do not erase either.,,provisionally_accepted,SEQ-09; scene-by-scene review required under DEC-0011; source boundary: home perspective → Helen hesitates
ADP0163,33,SRC-C33-04,"Zoe sees that she was likely shown to the household before placement and understands Mac as a broker with access to a hidden door, not owner of the entire system.",KEEP,SC039,"SEQ-09: Retain this source event: Zoe sees that she was likely shown to the household before placement and understands Mac as a broker with access to a hidden door, not owner of the entire system. Screen carrier and knowledge limit: She declines to open every image or reenact the showing; inference from matching fields remains labeled.",,provisionally_accepted,SEQ-09; scene-by-scene review required under DEC-0011; source boundary: mechanism exposed → anger
ADP0164,33,SRC-C33-05,"Zoe records what happened, takes a break with Elias and moves lodging again.",COMPRESS,SC039,"SEQ-09: Zoe records findings, pauses with Elias and moves lodging; no premature family verdict.","Shorten the screen time for record kept while retaining the stated event, knowledge limits and consequence.",provisionally_accepted,SEQ-09; scene-by-scene review required under DEC-0011; source boundary: record kept → onward travel
ADP0165,34,SRC-C34-01,"Zoe tests how much of the visible organisation belongs to the shadow and finds a smaller subset among genuine reunifications, placements and transport.",COMPRESS,SC040,SEQ-09: selected ordinary and suspicious Westmere cases establish lawful work alongside restricted misuse.,"Shorten the screen time for Westmere sample while retaining the stated event, knowledge limits and consequence.",provisionally_accepted,SEQ-09; scene-by-scene review required under DEC-0011; source boundary: Westmere sample → mixed cases
ADP0166,34,SRC-C34-02,"She separates ordinary cases, suspicious cases and unknowns, resisting an inflated claim that would let the real evidence be dismissed.",KEEP,SC040,"SEQ-09: Retain this source event: She separates ordinary cases, suspicious cases and unknowns, resisting an inflated claim that would let the real evidence be dismissed. Screen carrier and knowledge limit: Unknown is a necessary category, not a hidden accusation.",,provisionally_accepted,SEQ-09; scene-by-scene review required under DEC-0011; source boundary: category discipline → credible allegation
ADP0167,34,SRC-C34-03,Vale obtains a narrow outside account of what Westmere can and cannot lawfully decide; unusual private recoveries raise questions.,COMPRESS,SC040,SEQ-09: Vale’s narrow outside contact defines institutional limits without purporting to identify every participant.,"Shorten the screen time for retired contact while retaining the stated event, knowledge limits and consequence.",provisionally_accepted,SEQ-09; scene-by-scene review required under DEC-0011; source boundary: retired contact → institutional limits
ADP0168,34,SRC-C34-04,They explore how to present a specific discrepancy without exposing children or casting ordinary staff as knowing accomplices.,COMPRESS,SC040,SEQ-09: controlled legal question carries concern for child privacy and uninvolved staff.,"Shorten the screen time for legal advice while retaining the stated event, knowledge limits and consequence.",provisionally_accepted,SEQ-09; scene-by-scene review required under DEC-0011; source boundary: legal advice → independent route
ADP0169,34,SRC-C34-05,"The operation borrows records departments, carers, councils and routine compliance. Zoe recognises how a narrow unauthorized channel can exploit broadly lawful work.",VISUALISE,SC040,SEQ-09: limited workflow map juxtaposes lawful departments with unauthorized channel; no monolithic conspiracy.,Express the internal or systemic reading through an observable response or bounded record rather than assuming audience access to narration.,provisionally_accepted,SEQ-09; scene-by-scene review required under DEC-0011; source boundary: shadow within normal work → causal model
ADP0170,35,SRC-C35-01,"They draft a neutral inquiry about a supplemental authority in case H09-55216, removing accusations and assumptions.",KEEP,SC041,"SEQ-09: Retain this source event: They draft a neutral inquiry about a supplemental authority in case H09-55216, removing accusations and assumptions. Screen carrier and knowledge limit: Exact question scope makes a usable answer possible.",,provisionally_accepted,SEQ-09; scene-by-scene review required under DEC-0011; source boundary: narrow question → North Vale
ADP0171,35,SRC-C35-02,The authentic base reference appears; North Vale cannot find the supplemental order and disputes the power it purports to confer.,KEEP,SC041,SEQ-09: Retain this source event: The authentic base reference appears; North Vale cannot find the supplemental order and disputes the power it purports to confer. Screen carrier and knowledge limit: A real underlying case can carry a false addition. Preserve redactions and provenance of Priya's written reply.,,provisionally_accepted,SEQ-09; scene-by-scene review required under DEC-0011; source boundary: base exists → supplement absent
ADP0172,35,SRC-C35-03,"North Vale creates its own new file in response, beyond the shadow archive's control. Mac and Cain learn that the claimed authority has been challenged.",KEEP,SC041,"SEQ-09: Retain this source event: North Vale creates its own new file in response, beyond the shadow archive's control. Mac and Cain learn that the claimed authority has been challenged. Screen carrier and knowledge limit: Their response is evidence of exposure, not proof they can erase the independent record.",,provisionally_accepted,SEQ-09; scene-by-scene review required under DEC-0011; source boundary: organisation opens file → outside record
ADP0173,35,SRC-C35-04,Vale traces timestamps suggesting a destination had been prepared before the supposed authority for moving the child.,KEEP,SC041,SEQ-09: Retain this source event: Vale traces timestamps suggesting a destination had been prepared before the supposed authority for moving the child. Screen carrier and knowledge limit: Sequence raises a causal allegation requiring the source timestamps and authenticated order to travel together.,,provisionally_accepted,SEQ-09; scene-by-scene review required under DEC-0011; source boundary: destination precedes order → sequence reversed
ADP0174,35,SRC-C35-05,"Zoe records one demonstrable discrepancy: true base case, nonexistent supplement, disputed power and an independently opened inquiry.",KEEP,SC041,"SEQ-09: Retain this source event: Zoe records one demonstrable discrepancy: true base case, nonexistent supplement, disputed power and an independently opened inquiry. Screen carrier and knowledge limit: This is stronger than a broad unverified archive dump; it does not yet resolve every case.",,provisionally_accepted,SEQ-09; scene-by-scene review required under DEC-0011; source boundary: proof bounded → next move
ADP0175,36,SRC-C36-01,"Voss reconstructs a past delivery involving a frightened girl in a yellow coat; Reyes gave her his coat, and the team believed it was helping.",KEEP,SC042,"SEQ-09: Retain this source event: Voss reconstructs a past delivery involving a frightened girl in a yellow coat; Reyes gave her his coat, and the team believed it was helping. Screen carrier and knowledge limit: Their sincere perception and their lack of independent verification both belong in the account.",,provisionally_accepted,SEQ-09; scene-by-scene review required under DEC-0011; source boundary: Voss's old file → yellow coat
ADP0176,36,SRC-C36-02,"Vale and Voss compare dispatch, placement and review dates and see that the receiving house was prepared before the claimed authority for the move.",KEEP,SC042,"SEQ-09: Retain this source event: Vale and Voss compare dispatch, placement and review dates and see that the receiving house was prepared before the claimed authority for the move. Screen carrier and knowledge limit: Timestamp order is evidentiary; a remembered gesture is not an absolution.",,provisionally_accepted,SEQ-09; scene-by-scene review required under DEC-0011; source boundary: route and destination → prior preparation
ADP0177,36,SRC-C36-03,A temporary carer challenged a later move but was directed to a number on the disputed order and received confirmation within the same supplied chain.,KEEP,SC042,SEQ-09: Retain this source event: A temporary carer challenged a later move but was directed to a number on the disputed order and received confirmation within the same supplied chain. Screen carrier and knowledge limit: This establishes the circular verification failure; the outside court copy remains distinct.,,provisionally_accepted,SEQ-09; scene-by-scene review required under DEC-0011; source boundary: carer challenge → supplied confirmation
ADP0178,36,SRC-C36-04,"Voss documents what he did, what the paperwork said and that the team did not verify outside the supplied chain; Zoe reads it.",KEEP,SC042,"SEQ-09: Retain this source event: Voss documents what he did, what the paperwork said and that the team did not verify outside the supplied chain; Zoe reads it. Screen carrier and knowledge limit: Firsthand contractor account can support one case, not every placement in the archive.",,provisionally_accepted,SEQ-09; scene-by-scene review required under DEC-0011; source boundary: contractor account → written admission of limit
ADP0179,36,SRC-C36-05,Vale remembers Reyes's small kindness to the girl even after his death and their own changed understanding of the job.,KEEP,SC042,SEQ-09: Retain this source event: Vale remembers Reyes's small kindness to the girl even after his death and their own changed understanding of the job. Screen carrier and knowledge limit: The gesture does not cancel his later actions or the system's harm.,,provisionally_accepted,SEQ-09; scene-by-scene review required under DEC-0011; source boundary: memory of Reyes → moral complication
ADP0180,37,SRC-C37-01,"Elaine Foster opens Westmere's H09-55216 record, compares migrated and older material, and finds a protected-placement account attached to the suspicious upload.",KEEP,SC043,"SEQ-10: Retain this source event: Elaine Foster opens Westmere's H09-55216 record, compares migrated and older material, and finds a protected-placement account attached to the suspicious upload. Screen carrier and knowledge limit: A genuine institutional inquiry now exists independently of Zoe's copy.",,provisionally_accepted,SEQ-10; scene-by-scene review required under DEC-0011; source boundary: North Vale notice → Westmere compliance
ADP0181,37,SRC-C37-02,"Elaine contacts Martin Hale, who recalls a protected desk and retains a notebook but no child records. She samples other historic cases, including ordinary ones.",COMPRESS,SC043,"SEQ-10: Elaine checks old notebook and samples normal cases; the notebook is workflow evidence, not a child-record substitute.","Shorten the screen time for retired colleague while retaining the stated event, knowledge limits and consequence.",provisionally_accepted,SEQ-10; scene-by-scene review required under DEC-0011; source boundary: retired colleague → old notebook
ADP0182,37,SRC-C37-03,Legal preservation meets an urgent reconciliation/courier request; Elaine questions its timing and origin. Mac and Cain cannot safely erase the past without creating a present trace.,KEEP,SC043,"SEQ-10: Retain this source event: Legal preservation meets an urgent reconciliation/courier request; Elaine questions its timing and origin. Mac and Cain cannot safely erase the past without creating a present trace. Screen carrier and knowledge limit: Preserve exact provenance of requests, rather than treating every staff action as concealment.",,provisionally_accepted,SEQ-10; scene-by-scene review required under DEC-0011; source boundary: preservation vs archive movement
ADP0183,37,SRC-C37-04,Priya requests a supported written contractor example. Voss and Vale supply a bounded account as Westmere's inquiry begins to stand on its own.,KEEP,SC043,SEQ-10: Retain this source event: Priya requests a supported written contractor example. Voss and Vale supply a bounded account as Westmere's inquiry begins to stand on its own. Screen carrier and knowledge limit: Institutional investigators can continue without Zoe disclosing the entire drive.,,provisionally_accepted,SEQ-10; scene-by-scene review required under DEC-0011; source boundary: contractor statement → parallel investigations
ADP0184,37,SRC-C37-05,Helen challenges Mac's claim to have kept Zoe safe and cuts the habitual phone route; Zoe and Elias relocate after a new exposure.,KEEP,SC043,"SEQ-10: Retain this source event: Helen challenges Mac's claim to have kept Zoe safe and cuts the habitual phone route; Zoe and Elias relocate after a new exposure. Screen carrier and knowledge limit: Their separation from Mac is a present choice, not retroactive innocence.",,provisionally_accepted,SEQ-10; scene-by-scene review required under DEC-0011; source boundary: Helen/Brian break with Mac → Zoe moves
ADP0185,38,SRC-C38-01,"Mac, Cain and others weigh failed archive handling, security expense and the mounting evidentiary cost of trying to contain Zoe's retained material.",COMPRESS,SC044,SEQ-10: bounded antagonist exchange shows that attempted containment creates contemporary traces.,"Shorten the screen time for antagonist meeting while retaining the stated event, knowledge limits and consequence.",provisionally_accepted,SEQ-10; scene-by-scene review required under DEC-0011; source boundary: antagonist meeting → preservation costs
ADP0186,38,SRC-C38-02,"Amid laundry, food and small disputes, Zoe and Elias continue deciding what each may disclose and where her material stays.",KEEP,SC044,"SEQ-10: Retain this source event: Amid laundry, food and small disputes, Zoe and Elias continue deciding what each may disclose and where her material stays. Screen carrier and knowledge limit: Mundane actions sustain her autonomy beyond the evidence plot.",,provisionally_accepted,SEQ-10; scene-by-scene review required under DEC-0011; source boundary: ordinary day → Zoe's agency
ADP0187,38,SRC-C38-03,Helen considers the old relationship and refuses to rely on Mac's reassurances about Zoe.,KEEP,SC044,SEQ-10: Retain this source event: Helen considers the old relationship and refuses to rely on Mac's reassurances about Zoe. Screen carrier and knowledge limit: Her change is observable but cannot erase earlier acceptance and silence.,,provisionally_accepted,SEQ-10; scene-by-scene review required under DEC-0011; source boundary: Helen at home → Mac's contact rejected
ADP0188,38,SRC-C38-04,They establish that their statements can be used while Zoe retains control of her own archive and location.,KEEP,SC044,SEQ-10: Retain this source event: They establish that their statements can be used while Zoe retains control of her own archive and location. Screen carrier and knowledge limit: Separate independent witness testimony from custody of her drive.,,provisionally_accepted,SEQ-10; scene-by-scene review required under DEC-0011; source boundary: Voss/Vale terms → copies protected
ADP0189,38,SRC-C38-05,Even an antagonist recognises that wholesale publication would expose children; Zoe likewise sees that concealment of what happened to her is ending through specific inquiry.,COMPRESS,SC044,SEQ-10/11: Zoe’s own limited-disclosure decision carries the privacy safeguard; do not equate her motive with Cain’s.,"Shorten the screen time for restraint against dumping archive while retaining the stated event, knowledge limits and consequence.",provisionally_accepted,SEQ-10; scene-by-scene review required under DEC-0011; source boundary: restraint against dumping archive
ADP0190,39,SRC-C39-01,"Zoe finally reads the part of Helen and Brian's match she avoided, including their earlier loss and initial adoption attempt.",KEEP,SC045,"SEQ-10: Retain this source event: Zoe finally reads the part of Helen and Brian's match she avoided, including their earlier loss and initial adoption attempt. Screen carrier and knowledge limit: Her timing and choice of what to view are part of the story.",,provisionally_accepted,SEQ-10; scene-by-scene review required under DEC-0011; source boundary: recipient file opened → family history
ADP0191,39,SRC-C39-02,"After the lawful route failed, Mac approached and Helen reopened the file; the record documents motives, scoring and later acceptance.",KEEP,SC045,"SEQ-10: Retain this source event: After the lawful route failed, Mac approached and Helen reopened the file; the record documents motives, scoring and later acceptance. Screen carrier and knowledge limit: It does not establish that the couple knew every specific falsified order or a particular parent's reunification position.",,provisionally_accepted,SEQ-10; scene-by-scene review required under DEC-0011; source boundary: Mac contact → reopened placement
ADP0192,39,SRC-C39-03,Helen retrieves photographs and recalls the dead child and the way she and Brian let resemblance become an invitation to accept Zoe.,VISUALISE,SC045,SEQ-10: Helen’s photographs and present recollection carry grief and resemblance; Zoe remains a distinct person.,Express the internal or systemic reading through an observable response or bounded record rather than assuming audience access to narration.,provisionally_accepted,SEQ-10; scene-by-scene review required under DEC-0011; source boundary: Helen's memory → lost daughter
ADP0193,39,SRC-C39-04,Zoe understands why a high attachment/stability score suited the hidden system: love made the beginning harder to question.,VISUALISE,SC045,SEQ-10: Zoe’s response to attachment score alongside real household memories carries love-as-leverage insight.,Express the internal or systemic reading through an observable response or bounded record rather than assuming audience access to narration.,provisionally_accepted,SEQ-10; scene-by-scene review required under DEC-0011; source boundary: stable family → leverage
ADP0194,39,SRC-C39-05,Zoe and Elias return to ordinary food and conversation while she holds both family love and the harm of selection.,KEEP,SC045,SEQ-10: Retain this source event: Zoe and Elias return to ordinary food and conversation while she holds both family love and the harm of selection. Screen carrier and knowledge limit: Do not force reconciliation or rejection before the later confrontation.,,provisionally_accepted,SEQ-10; scene-by-scene review required under DEC-0011; source boundary: after reading → unresolved bond
ADP0195,40,SRC-C40-01,Voss finds the observation booking and layout; Zoe sees that Helen and Brian viewed her through glass before agreeing to the placement.,KEEP,SC046,SEQ-10: Retain this source event: Voss finds the observation booking and layout; Zoe sees that Helen and Brian viewed her through glass before agreeing to the placement. Screen carrier and knowledge limit: Legitimate observation rooms were repurposed for a private presentation. Booking and memory have different evidentiary reach.,,provisionally_accepted,SEQ-10; scene-by-scene review required under DEC-0011; source boundary: floor plan/booking → observation room
ADP0196,40,SRC-C40-02,"The adults remember Mac's after-hours visit, the girl on the other side, resemblance and their different doubts.",KEEP,SC046,"SEQ-10: Retain this source event: The adults remember Mac's after-hours visit, the girl on the other side, resemblance and their different doubts. Screen carrier and knowledge limit: Zoe's own activity in the room is partly unknowable to them; avoid replacing her personhood with the lost child's image.",,provisionally_accepted,SEQ-10; scene-by-scene review required under DEC-0011; source boundary: Helen and Brian's recollection → first viewing
ADP0197,40,SRC-C40-03,Brian recognised possible deliberate resemblance; Helen knew there could still be family. Both nevertheless accepted.,KEEP,SC046,"SEQ-10: Retain this source event: Brian recognised possible deliberate resemblance; Helen knew there could still be family. Both nevertheless accepted. Screen carrier and knowledge limit: Their responsibility lies in choices they recall, not proof they knew every later mechanism.",,provisionally_accepted,SEQ-10; scene-by-scene review required under DEC-0011; source boundary: decision and acceptance → responsibility
ADP0198,40,SRC-C40-04,Zoe approaches the building but chooses not to enter; she keeps her response to herself and closes her notebook.,KEEP,SC046,SEQ-10: Retain this source event: Zoe approaches the building but chooses not to enter; she keeps her response to herself and closes her notebook. Screen carrier and knowledge limit: Her interiority need not be voiced or written immediately.,,provisionally_accepted,SEQ-10; scene-by-scene review required under DEC-0011; source boundary: Zoe visits exterior → private reckoning
ADP0199,40,SRC-C40-05,"Zoe links a later outside enquiry to the renewed attempt to control her placement. Voss relays an image of three messages from an unknown number; Elias stops before showing Zoe. They say Jackie was forced to give the first route, did not give the second, and her siblings are alive.",KEEP,SC047,"SEQ-10: Retain this source event: Zoe links a later outside enquiry to the renewed attempt to control her placement. Voss relays an image of three messages from an unknown number; Elias stops before showing Zoe. They say Jackie was forced to give the first route, did not give the second, and her siblings are alive. Screen carrier and knowledge limit: Jackie is likely the sender, not yet authenticated. Her message revises Zoe's betrayal inference from Chapters 5 and 13 before the Chapter 41 challenge response.",,provisionally_accepted,SEQ-10; scene-by-scene review required under DEC-0011; source boundary: drive away → Jackie message
ADP0200,41,SRC-C41-01,Zoe receives contact concerning Jackie and uses their deliberately wrong challenge response to establish it is her friend.,KEEP,SC048,"SEQ-10: Retain this source event: Zoe receives contact concerning Jackie and uses their deliberately wrong challenge response to establish it is her friend. Screen carrier and knowledge limit: The exchange authenticates their shared history, not the safety of Jackie's location or device.",,provisionally_accepted,SEQ-10; scene-by-scene review required under DEC-0011; source boundary: image/message → private proof
ADP0201,41,SRC-C41-02,Jackie is held in a watched house; Cain's threat involves current evidence of her three siblings.,SPLIT,SC019;SC048,SEQ-04: bounded early image of Jackie alive and watched under sibling threat; SEQ-10: fuller coercion and route account after Zoe receives messages. DEC-0005.,DEC-0005 calls for limited early audience knowledge and a later full Jackie revelation to Zoe.,provisionally_accepted,SEQ-10; scene-by-scene review required under DEC-0011; source boundary: controlled house → sibling leverage
ADP0202,41,SRC-C41-03,Zoe learns the precise weapon used against Jackie and distinguishes a forced answer from a clean betrayal.,KEEP,SC048,SEQ-10: Retain this source event: Zoe learns the precise weapon used against Jackie and distinguishes a forced answer from a clean betrayal. Screen carrier and knowledge limit: Jackie's protective choice and Zoe's hurt can both be true.,,provisionally_accepted,SEQ-10; scene-by-scene review required under DEC-0011; source boundary: Zoe's response → coercion understood
ADP0203,41,SRC-C41-04,The pair and Voss relay narrow questions. Jackie refuses an immediate extraction that could close off the siblings' protection and reports an internal legal disagreement.,KEEP,SC048,SEQ-10: Retain this source event: The pair and Voss relay narrow questions. Jackie refuses an immediate extraction that could close off the siblings' protection and reports an internal legal disagreement. Screen carrier and knowledge limit: No one holds the whole plan; Jackie has knowledge and agency while still under threat.,,provisionally_accepted,SEQ-10; scene-by-scene review required under DEC-0011; source boundary: messages → limited rescue
ADP0204,41,SRC-C41-05,Mac learns Jackie accessed a phone but not what she transmitted. Jackie warns of an impending move if Cain discovers the contact.,KEEP,SC048,SEQ-10: Retain this source event: Mac learns Jackie accessed a phone but not what she transmitted. Jackie warns of an impending move if Cain discovers the contact. Screen carrier and knowledge limit: Time window and partial adversary knowledge set up the second decoy.,,provisionally_accepted,SEQ-10; scene-by-scene review required under DEC-0011; source boundary: Mac notices phone → timing
ADP0205,42,SRC-C42-01,"Jackie, Voss, Vale, Zoe and Elias hold different parts of the plan. A legacy channel keyed to AC019 and an ordinary vehicle hire create a credible signal.",KEEP,SC049,"SEQ-11: Retain this source event: Jackie, Voss, Vale, Zoe and Elias hold different parts of the plan. A legacy channel keyed to AC019 and an ordinary vehicle hire create a credible signal. Screen carrier and knowledge limit: Compartmental knowledge is deliberate; avoid portraying any one person as omniscient.",,provisionally_accepted,SEQ-11; scene-by-scene review required under DEC-0011; source boundary: five partial plans → bait prepared
ADP0206,42,SRC-C42-02,A narrowly framed signal about P06-11803's contradicted authority and original presentation site draws Cain toward the old assessment centre.,KEEP,SC049,"SEQ-11: Retain this source event: A narrowly framed signal about P06-11803's contradicted authority and original presentation site draws Cain toward the old assessment centre. Screen carrier and knowledge limit: The message is a lure and a real evidentiary claim, not a promise that the archive is physically there.",,provisionally_accepted,SEQ-11; scene-by-scene review required under DEC-0011; source boundary: presentation-site message → Cain moves
ADP0207,42,SRC-C42-03,"While Jackie waits at a service area, Mac obtains the duty safeguarding contact from Margaret and reports a child being moved under disputed authority, giving his own name and the location.",KEEP,SC050,"SEQ-11: Retain this source event: While Jackie waits at a service area, Mac obtains the duty safeguarding contact from Margaret and reports a child being moved under disputed authority, giving his own name and the location. Screen carrier and knowledge limit: The independent team decides its response and withholds Jackie's destination from Mac. His current disclosure does not erase his earlier role.",,provisionally_accepted,SEQ-11; scene-by-scene review required under DEC-0011; source boundary: restricted move → Mac's disclosure
ADP0208,42,SRC-C42-04,"After the independent team is dispatched, the legal administrator refuses to continue the disputed transfer. Sarah and Leanne arrive, let Jackie verify their identity, and initiate a temporary safeguarding handover. Zoe's difficult part is to wait.",KEEP,SC050,"SEQ-11: Retain this source event: After the independent team is dispatched, the legal administrator refuses to continue the disputed transfer. Sarah and Leanne arrive, let Jackie verify their identity, and initiate a temporary safeguarding handover. Zoe's difficult part is to wait. Screen carrier and knowledge limit: The decoy exposes a route; Mac's disclosure causes this specific intervention. Jackie chooses to leave after checks match. Zoe's first update is explicitly unconfirmed.",,provisionally_accepted,SEQ-11; scene-by-scene review required under DEC-0011; source boundary: legal administrator refuses → live process
ADP0209,42,SRC-C42-05,Cain reaches the presentation site while the disputed transfer is becoming a live institutional matter.,COMPRESS,SC050,SEQ-11: Cain reaches the bait site as Jackie’s independent process advances elsewhere; keep tracks separate.,"Shorten the screen time for Cain's arrival while retaining the stated event, knowledge limits and consequence.",provisionally_accepted,SEQ-11; scene-by-scene review required under DEC-0011; source boundary: Cain's arrival → control fails
ADP0210,43,SRC-C43-01,"Jackie tells Claire what she does and does not want, beginning with her siblings and refusing unwanted participants or premature contact.",KEEP,SC051,"SEQ-11: Retain this source event: Jackie tells Claire what she does and does not want, beginning with her siblings and refusing unwanted participants or premature contact. Screen carrier and knowledge limit: Her wishes are recorded rather than assumed from the fact of rescue.",,provisionally_accepted,SEQ-11; scene-by-scene review required under DEC-0011; source boundary: Jackie interview → stated boundaries
ADP0211,43,SRC-C43-02,Investigators and Priya seek a way to hear Zoe separately from adults claiming to protect her; Zoe checks candidate contacts and speaks with Ruth.,COMPRESS,SC051,SEQ-11: Priya’s independent route and Zoe’s choice of Ruth establish representation outside claimant adults.,"Shorten the screen time for sponsor and legal threads while retaining the stated event, knowledge limits and consequence.",provisionally_accepted,SEQ-11; scene-by-scene review required under DEC-0011; source boundary: sponsor and legal threads → independent advocates
ADP0212,43,SRC-C43-03,The carers ask whether they believed their arrangement was legal and confront their own earlier decision; Mac makes a sponsor document available.,KEEP,SC051,"SEQ-11: Retain this source event: The carers ask whether they believed their arrangement was legal and confront their own earlier decision; Mac makes a sponsor document available. Screen carrier and knowledge limit: Personal admission and documentary proof are complementary, not identical.",,provisionally_accepted,SEQ-11; scene-by-scene review required under DEC-0011; source boundary: Helen/Brian conversation → knowledge admitted
ADP0213,43,SRC-C43-04,"Ruth listens to Zoe's account, acknowledges uncertainty and begins a separate record of what Zoe wants before others make decisions for her.",KEEP,SC051,"SEQ-11: Retain this source event: Ruth listens to Zoe's account, acknowledges uncertainty and begins a separate record of what Zoe wants before others make decisions for her. Screen carrier and knowledge limit: “I don't know” is an acceptable answer. The question of where Zoe lives remains open.",,provisionally_accepted,SEQ-11; scene-by-scene review required under DEC-0011; source boundary: Ruth call → Zoe's wishes entered
ADP0214,43,SRC-C43-05,"Jackie is within a process Zoe cannot control; Zoe accepts that this can protect her friend, while Jackie may decide when to see Zoe.",KEEP,SC051,"SEQ-11: Retain this source event: Jackie is within a process Zoe cannot control; Zoe accepts that this can protect her friend, while Jackie may decide when to see Zoe. Screen carrier and knowledge limit: Their reunion is neither automatic nor staged by an adult on their behalf.",,provisionally_accepted,SEQ-11; scene-by-scene review required under DEC-0011; source boundary: Jackie and Zoe → reciprocal choice
ADP0215,44,SRC-C44-01,"Both sign voluntary, bounded accounts of the old job and their failure to check outside the supplied chain.",KEEP,SC052,"SEQ-11: Retain this source event: Both sign voluntary, bounded accounts of the old job and their failure to check outside the supplied chain. Screen carrier and knowledge limit: Historic identifier and firsthand actions are included; child identities and unsupported guesses are withheld.",,provisionally_accepted,SEQ-11; scene-by-scene review required under DEC-0011; source boundary: Voss/Vale statements → owned conduct
ADP0216,44,SRC-C44-02,"The carers independently describe their pre-placement viewing, doubts, acceptance and later choices.",KEEP,SC052,"SEQ-11: Retain this source event: The carers independently describe their pre-placement viewing, doubts, acceptance and later choices. Screen carrier and knowledge limit: Love does not erase that Helen knew enough to refuse and Brian understood some risk; precise knowledge still matters.",,provisionally_accepted,SEQ-11; scene-by-scene review required under DEC-0011; source boundary: Helen/Brian accounts → through glass
ADP0217,44,SRC-C44-03,A legal participant breaks with Cain after the contested movement of Jackie. Cain's attempted surveillance of the carers is declined for lack of lawful instruction.,COMPRESS,SC052,SEQ-11: legal refusal and declined surveillance show Cain losing authority through separate actors.,"Shorten the screen time for legal chain refuses while retaining the stated event, knowledge limits and consequence.",provisionally_accepted,SEQ-11; scene-by-scene review required under DEC-0011; source boundary: legal chain refuses → Cain isolated
ADP0218,44,SRC-C44-04,"Mac brings his sponsor-introduction agreement and other evidence to a solicitor, aware cooperation will not prevent investigation or arrest.",KEEP,SC052,"SEQ-11: Retain this source event: Mac brings his sponsor-introduction agreement and other evidence to a solicitor, aware cooperation will not prevent investigation or arrest. Screen carrier and knowledge limit: His stated motive and actual accountability remain distinct.",,provisionally_accepted,SEQ-11; scene-by-scene review required under DEC-0011; source boundary: Mac seeks counsel → voluntary disclosure
ADP0219,44,SRC-C44-05,Zoe need not immediately receive every adult's statement. A household-stability confirmation links P06 to the opening of her recovery status.,KEEP,SC052,SEQ-11: Retain this source event: Zoe need not immediately receive every adult's statement. A household-stability confirmation links P06 to the opening of her recovery status. Screen carrier and knowledge limit: Let the independent process carry corroborated details without forcing Zoe to consume them at once.,,provisionally_accepted,SEQ-11; scene-by-scene review required under DEC-0011; source boundary: Zoe offered information → choice deferred
ADP0220,45,SRC-C45-01,Zoe rejects the language of releasing everything. Ruth and a police contact seek specific records and testimony without taking the archive wholesale.,KEEP,SC053,SEQ-11: Retain this source event: Zoe rejects the language of releasing everything. Ruth and a police contact seek specific records and testimony without taking the archive wholesale. Screen carrier and knowledge limit: Child data can be handled through lawful channels with provenance and scope; no promise of total secrecy or control is possible.,,provisionally_accepted,SEQ-11; scene-by-scene review required under DEC-0011; source boundary: limited disclosures → Zoe's terms
ADP0221,45,SRC-C45-02,"Police obtain signed contractor accounts, North Vale's contradiction and preservation of logs, templates, routing and adult accounts.",COMPRESS,SC053,SEQ-11: select independently preserved records establish a bounded inquiry; avoid total-archive proof claim.,"Shorten the screen time for independent records while retaining the stated event, knowledge limits and consequence.",provisionally_accepted,SEQ-11; scene-by-scene review required under DEC-0011; source boundary: independent records → inquiry proceeds
ADP0222,45,SRC-C45-03,Mac cooperates under counsel; Cain is contacted about Jackie's movement and related history as his channels lose authority.,COMPRESS,SC053,SEQ-11: Mac cooperates under counsel while Cain’s channels lose authority; neither implies immunity or conviction.,"Shorten the screen time for Mac and Cain while retaining the stated event, knowledge limits and consequence.",provisionally_accepted,SEQ-11; scene-by-scene review required under DEC-0011; source boundary: Mac and Cain → present consequences
ADP0223,45,SRC-C45-04,"The former contractors tell investigators what they did and why they came forward, accepting their own reliance on supplied verification.",COMPRESS,SC053,SEQ-11: contractor interviews acknowledge reliance on supplied channels; their testimony does not transfer Zoe’s drive.,"Shorten the screen time for Voss/Vale interviews while retaining the stated event, knowledge limits and consequence.",provisionally_accepted,SEQ-11; scene-by-scene review required under DEC-0011; source boundary: Voss/Vale interviews → responsibility
ADP0224,45,SRC-C45-05,Zoe revises her notebook's triumphal label to “IRREVERSIBLE” and negotiates copying/disclosure limits with Ruth.,KEEP,SC053,"SEQ-11: Retain this source event: Zoe revises her notebook's triumphal label to “IRREVERSIBLE” and negotiates copying/disclosure limits with Ruth. Screen carrier and knowledge limit: Investigation is underway, not complete; control over a child's testimony requires honest legal limits.",,provisionally_accepted,SEQ-11; scene-by-scene review required under DEC-0011; source boundary: irreversible record → next custody
ADP0225,46,SRC-C46-01,"Ruth takes a separate sealed envelope from Zoe. At a secure office an evidence officer records Zoe's signature, bags and seals the original drive, preserving restricted access and an audit trail.",KEEP,SC054,"SEQ-12: Retain this source event: Ruth takes a separate sealed envelope from Zoe. At a secure office an evidence officer records Zoe's signature, bags and seals the original drive, preserving restricted access and an audit trail. Screen carrier and knowledge limit: Keep the separate envelope, original drive, earlier copies and Zoe's now nearly empty backpack distinct. This is a controlled handover, not a blanket public release.",,provisionally_accepted,SEQ-12; scene-by-scene review required under DEC-0011; source boundary: Tuesday envelope → drive handed over
ADP0226,46,SRC-C46-02,"Jackie and Zoe meet on their own terms, speak about the coercion and the pain of each thinking the other had chosen differently, then return to familiar humour.",KEEP,SC055,"SEQ-12: Retain this source event: Jackie and Zoe meet on their own terms, speak about the coercion and the pain of each thinking the other had chosen differently, then return to familiar humour. Screen carrier and knowledge limit: Jackie's siblings are being found and considered as people with changed lives, not simply recovered props.",,provisionally_accepted,SEQ-12; scene-by-scene review required under DEC-0011; source boundary: Jackie enters → friendship renewed
ADP0227,46,SRC-C46-03,"Cain faces charges concerning Jackie's coercion and safeguarding interference; Mac is charged later that week over placement records, conspiracy and finance while continuing to cooperate.",COMPRESS,SC056,SEQ-12: bounded later-charges update; charges are not convictions and historic investigations stay open.,"Shorten the screen time for investigation while retaining the stated event, knowledge limits and consequence.",provisionally_accepted,SEQ-12; scene-by-scene review required under DEC-0011; source boundary: investigation → outcomes begin
ADP0228,46,SRC-C46-04,"Zoe reads an admission that Helen knew enough to refuse and accepted anyway, while remembering real years of care and ordinary belongings.",KEEP,SC056,"SEQ-12: Retain this source event: Zoe reads an admission that Helen knew enough to refuse and accepted anyway, while remembering real years of care and ordinary belongings. Screen carrier and knowledge limit: The first decision was wrong; five years of lived relationship are not erased. Zoe controls when and whether to respond.",,provisionally_accepted,SEQ-12; scene-by-scene review required under DEC-0011; source boundary: Helen's letter → home redefined
ADP0229,46,SRC-C46-05,Elias receives medical help for pain and dependence; Zoe tells Ruth to use the name Zoe as she considers where to live and whom to see.,KEEP,SC056,"SEQ-12: Retain this source event: Elias receives medical help for pain and dependence; Zoe tells Ruth to use the name Zoe as she considers where to live and whom to see. Screen carrier and knowledge limit: Her chosen name and placement wishes are recorded independently of Helen, Brian and Elias.",,provisionally_accepted,SEQ-12; scene-by-scene review required under DEC-0011; source boundary: care and name → Zoe chooses
ADP0230,46,SRC-C46-06,Zoe and Jackie discuss the difference between leaving a room and having a voice afterward. Zoe challenges Elias's habit of deciding to leave for others' sake; they agree to work out a future without a simple promise.,KEEP,SC057,"SEQ-12: Retain this source event: Zoe and Jackie discuss the difference between leaving a room and having a voice afterward. Zoe challenges Elias's habit of deciding to leave for others' sake; they agree to work out a future without a simple promise. Screen carrier and knowledge limit: Direction is a continuing shared process, not a return to the old custody arrangement or the end of every threat. Finish at the novel’s path junction: Elias offers the river route and Zoe chooses the ridge (DEC-0006).",,provisionally_accepted,SEQ-12; scene-by-scene review required under DEC-0011; source boundary: outside conversation → direction
